Name,Miles per Gallon,Cylinders,Displacement,Horsepower,Weight,Acceleration,Year,Origin,X+Y,dataid
chevrolet chevelle malibu (1970),18,8,307,130,3504,12,1970,USA,0.951483486,1
buick skylark 320,15,8,350,165,3693,11.5,1970,USA,1.039279716,2
plymouth satellite,18,8,318,150,3436,11,1970,USA,1.038440007,3
amc rebel sst,16,8,304,150,3433,12,1970,USA,0.995521553,4
ford torino,17,8,302,140,3449,10.5,1970,USA,0.973502519,5
ford galaxie 500 (1970),15,8,429,198,4341,10,1970,USA,1.182757977,6
chevrolet impala (1970),14,8,454,220,4354,9,1970,USA,1.256950924,7
plymouth fury iii (1970),14,8,440,215,4312,8.5,1970,USA,1.235211793,8
pontiac catalina (1970),14,8,455,225,4425,10,1970,USA,1.278690054,9
amc ambassador dpl,15,8,390,190,3850,8.5,1970,USA,1.147975369,10
dodge challenger se,15,8,383,170,3563,10,1970,USA,1.061018847,11
plymouth 'cuda 340,14,8,340,160,3609,8,1970,USA,0.996081358,12
chevrolet monte carlo,15,8,400,150,3761,9.5,1970,USA,0.974062325,13
buick estate wagon (sw) (1970),14,8,455,225,3086,10,1970,USA,1.278690054,14
toyota corona mark ii,24,4,113,95,2372,15,1970,Japan,0.928064937,15
plymouth duster (1970),22,6,198,95,2833,15.5,1970,USA,0.885146483,16
amc hornet (1970),18,6,199,97,2774,15.5,1970,USA,0.808005225,17
ford maverick (1970),21,6,200,85,2587,16,1970,USA,0.820208994,18
datsun pl510 (1970),27,4,97,88,2130,14.5,1970,Japan,0.962007837,19
volkswagen 1131 deluxe sedan,26,4,97,46,1835,20.5,1970,Europe,0.757939914,20
peugeot 504 (1970),25,4,110,87,2672,17.5,1970,Europe,0.914741556,21
audi 100 ls,24,4,107,90,2430,14.5,1970,Europe,0.906325807,22
saab 99e,25,4,104,95,2375,17.5,1970,Europe,0.949524165,23
bmw 2002,26,4,121,113,2234,12.5,1970,Europe,1.049244262,24
amc gremlin (1970),21,6,199,90,2648,15,1970,USA,0.841948125,25
ford f250,10,8,360,215,4615,14,1970,USA,1.149374883,26
chevy c20,10,8,307,200,4376,15,1970,USA,1.084157492,27
dodge d200,11,8,318,210,4382,13.5,1970,USA,1.14909498,28
hi 1200d,9,8,304,193,4732,18.5,1970,USA,1.032263482,29
datsun pl510 (1971),27,4,97,88,2130,14.5,1971,Japan,0.962007837,30
chevrolet vega 2300,28,4,140,90,2264,15.5,1971,USA,0.992162717,31
toyota corona (1971),25,4,113,95,2228,14,1971,Japan,0.949524165,32
amc gremlin (1971),19,6,232,100,2634,13,1971,USA,0.842507931,33
plymouth satellite custom,16,6,225,105,3439,15.5,1971,USA,0.799869379,34
chevrolet chevelle malibu (1971),17,6,250,100,3329,15.5,1971,USA,0.799589476,35
ford torino 500,19,6,250,88,3302,15.5,1971,USA,0.790334018,36
amc matador (1971),18,6,232,100,3288,15.5,1971,USA,0.821048703,37
chevrolet impala (1971),14,8,350,165,4209,12,1971,USA,1.017820489,38
pontiac catalina brougham,14,8,400,175,4464,11.5,1971,USA,1.06129875,39
ford galaxie 500 (1971),14,8,351,153,4154,13.5,1971,USA,0.965646576,40
plymouth fury iii (1971),14,8,318,150,4096,13,1971,USA,0.952603098,41
dodge monaco (sw),12,8,383,180,4955,11.5,1971,USA,1.040119425,42
ford country squire (sw) (1971),13,8,400,170,4746,12,1971,USA,1.018100392,43
pontiac safari (sw),13,8,400,175,5140,12,1971,USA,1.039839522,44
amc hornet sportabout (sw),18,6,258,110,2962,13.5,1971,USA,0.864526964,45
chevrolet vega (sw),22,4,140,72,2408,19,1971,USA,0.785146483,46
pontiac firebird,19,6,250,100,3282,15,1971,USA,0.842507931,47
ford mustang,18,6,250,88,3139,14.5,1971,USA,0.76887479,48
mercury capri 2000,23,4,122,86,2220,14,1971,USA,0.867475275,49
opel 1900 (1971),28,4,116,90,2123,14,1971,Europe,0.992162717,50
peugeot 304,30,4,79,70,2074,19.5,1971,Europe,0.94812465,51
fiat 124b,30,4,88,76,2065,14.5,1971,Europe,0.974211607,52
toyota corolla 1200 (1971),31,4,71,65,1773,19,1971,Japan,0.947844747,53
datsun 1200,35,4,72,69,1613,18,1971,Japan,1.051072961,54
volkswagen model 111,27,4,97,60,1834,19,1971,Europe,0.840268707,55
plymouth cricket,26,4,91,70,1955,20.5,1971,USA,0.86228774,56
toyota corona hardtop,24,4,113,95,2278,15.5,1972,Japan,0.928064937,57
dodge colt hardtop,25,4,97.5,80,2126,17,1972,USA,0.884306774,58
volkswagen type 3,23,4,97,54,2254,23.5,1972,Europe,0.72834484,59
chevrolet vega (1972),20,4,140,90,2408,19.5,1972,USA,0.820488897,60
ford pinto runabout,21,4,122,86,2226,16.5,1972,USA,0.82455682,61
chevrolet impala (1972),13,8,350,165,4274,12,1972,USA,0.996361261,62
pontiac catalina (1972),14,8,400,175,4385,12,1972,USA,1.06129875,63
plymouth fury iii (1972),15,8,318,150,4135,13.5,1972,USA,0.974062325,64
ford galaxie 500 (1972),14,8,351,153,4129,13,1972,USA,0.965646576,65
amc ambassador sst,17,8,304,150,3672,11.5,1972,USA,1.01698078,66
mercury marquis,11,8,429,208,4633,11,1972,USA,1.140399328,67
buick lesabre custom,13,8,350,155,4502,13.5,1972,USA,0.952883001,68
oldsmobile delta 88 royale,12,8,350,160,4456,13.5,1972,USA,0.953162904,69
chrysler newport royal,13,8,400,190,4422,12.5,1972,USA,1.105056914,70
mazda rx2 coupe,19,3,70,97,2330,13.5,1972,Japan,0.829464452,71
amc matador (sw) (1972),15,8,304,150,3892,12.5,1972,USA,0.974062325,72
chevrolet chevelle concours (sw) (1972),13,8,307,130,4098,14,1972,USA,0.844187348,73
ford gran torino (sw) (1972),13,8,302,140,4294,16,1972,USA,0.887665609,74
plymouth satellite custom (sw),14,8,318,150,4077,14,1972,USA,0.952603098,75
volvo 145e (sw),18,4,121,112,2933,14.5,1972,Europe,0.873222616,76
volkswagen 411 (sw),22,4,121,76,2511,18,1972,Europe,0.802537787,77
peugeot 504 (sw),21,4,120,87,2979,19.5,1972,Europe,0.828904646,78
renault 12 (sw),26,4,96,69,2189,18,1972,Europe,0.857939914,79
ford pinto (sw),22,4,122,86,2395,16,1972,USA,0.846016048,80
datsun 510 (sw),28,4,97,92,2288,17,1972,Japan,1.000858369,81
toyouta corona mark ii (sw),23,4,120,97,2506,14.5,1972,Japan,0.915301362,82
dodge colt (sw),28,4,98,80,2164,15,1972,USA,0.948684456,83
toyota corolla 1600 (sw),27,4,97,88,2100,16.5,1972,Japan,0.962007837,84
buick century 350,13,8,350,175,4100,13,1973,USA,1.039839522,85
amc matador (1973),14,8,304,150,3672,11.5,1973,USA,0.952603098,86
chevrolet malibu (1973),13,8,350,145,3988,13,1973,USA,0.90940474,87
ford gran torino (1973),14,8,302,137,4042,14.5,1973,USA,0.896081358,88
dodge coronet custom,15,8,318,150,3777,12.5,1973,USA,0.974062325,89
mercury marquis brougham,12,8,429,198,4952,11.5,1973,USA,1.118380295,90
chevrolet caprice classic (1973),13,8,400,150,4464,12,1973,USA,0.93114387,91
ford ltd (1973),13,8,351,158,4363,13,1973,USA,0.965926479,92
plymouth fury gran sedan,14,8,318,150,4237,14.5,1973,USA,0.952603098,93
chrysler new yorker brougham,13,8,440,215,4735,11,1973,USA,1.213752566,94
buick electra 225 custom,12,8,455,225,4951,11,1973,USA,1.235771599,95
amc ambassador brougham,13,8,360,175,3821,11,1973,USA,1.039839522,96
plymouth valiant (1973),18,6,225,105,3121,16.5,1973,USA,0.842787834,97
chevrolet nova custom,16,6,250,100,3278,18,1973,USA,0.778130248,98
amc hornet (1973),18,6,232,100,2945,16,1973,USA,0.821048703,99
ford maverick (1973),18,6,250,88,3021,16.5,1973,USA,0.76887479,100
plymouth duster (1973),23,6,198,95,2904,16,1973,USA,0.90660571,101
volkswagen super beetle,26,4,97,46,1950,21,1973,Europe,0.757939914,102
chevrolet impala (1973),11,8,400,150,4997,14,1973,USA,0.888225415,103
ford country,12,8,400,167,4906,12.5,1973,USA,0.983597686,104
plymouth custom suburb,13,8,360,170,4654,13,1973,USA,1.018100392,105
oldsmobile vista cruiser,12,8,350,180,4499,12.5,1973,USA,1.040119425,106
amc gremlin (1973),18,6,232,100,2789,15,1973,USA,0.821048703,107
toyota carina,20,4,97,88,2279,19,1973,Japan,0.811793245,108
chevrolet vega (1973),21,4,140,72,2401,19.5,1973,USA,0.763687255,109
datsun 610,22,4,108,94,2379,16.5,1973,Japan,0.880798656,110
maxda rx3,18,3,70,90,2124,13.5,1973,Japan,0.777570442,111
ford pinto (1973),19,4,122,85,2310,18.5,1973,USA,0.777290539,112
mercury capri v6,21,6,155,107,2472,14,1973,USA,0.915861168,113
fiat 124 sport coupe,26,4,98,90,2265,15.5,1973,Europe,0.949244262,114
chevrolet monte carlo s,15,8,350,145,4082,13,1973,USA,0.952323195,115
pontiac grand prix,16,8,400,230,4278,9.5,1973,USA,1.343347639,116
fiat 128 (1973),29,4,68,49,1867,19.5,1973,Europe,0.835361075,117
opel manta (1973),24,4,116,75,2158,15.5,1973,Europe,0.841108416,118
audi 100ls (1973),20,4,114,91,2582,14,1973,Europe,0.824836723,119
volvo 144ea,19,4,121,112,2868,15.5,1973,Europe,0.894681844,120
dodge dart custom,15,8,318,150,3399,11,1973,USA,0.974062325,121
saab 99le (1973),24,4,121,110,2660,14,1973,Europe,0.993282329,122
toyota mark ii (1973),20,6,156,122,2807,13.5,1973,Japan,0.959619332,123
oldsmobile omega,11,8,350,180,3664,11,1973,USA,1.018660198,124
plymouth duster (1974),20,6,198,95,3102,16.5,1974,USA,0.842228028,125
amc hornet (1974),19,6,232,100,2901,16,1974,USA,0.842507931,126
chevrolet nova (1974),15,6,250,100,3336,17,1974,USA,0.756671021,127
datsun b210,31,4,79,67,1950,19,1974,Japan,0.956540399,128
ford pinto (1974),26,4,122,80,2451,16.5,1974,USA,0.905766001,129
toyota corolla 1200 (1974),32,4,71,65,1836,21,1974,Japan,0.969303975,130
chevrolet vega (1974),25,4,140,75,2542,17,1974,USA,0.862567643,131
chevrolet chevelle malibu classic (1974),16,6,250,100,3781,17,1974,USA,0.778130248,132
amc matador (1974),16,6,258,110,3632,18,1974,USA,0.821608509,133
plymouth satellite sebring,18,6,225,105,3613,16.5,1974,USA,0.842787834,134
ford gran torino (1974),16,8,302,140,4141,14,1974,USA,0.952043292,135
buick century luxus (sw),13,8,350,150,4699,14.5,1974,USA,0.93114387,136
dodge coronet custom (sw),14,8,318,150,4457,13.5,1974,USA,0.952603098,137
ford gran torino (sw) (1974),14,8,302,140,4638,16,1974,USA,0.909124837,138
amc matador (sw) (1974),14,8,304,150,4257,15.5,1974,USA,0.952603098,139
audi fox,29,4,98,83,2219,16.5,1974,Europe,0.983187162,140
volkswagen dasher (1974),26,4,79,67,1963,15.5,1974,Europe,0.849244262,141
opel manta (1974),26,4,97,78,2300,14.5,1974,Europe,0.897070349,142
toyota corona (1974),31,4,76,52,1649,16.5,1974,Japan,0.891323008,143
datsun 710 (1974),32,4,83,61,2003,19,1974,Japan,0.95191267,144
dodge colt (1974),28,4,90,75,2125,14.5,1974,USA,0.926945326,145
fiat 128 (1974),24,4,90,75,2108,15.5,1974,Europe,0.841108416,146
fiat 124 tc,26,4,116,75,2246,14,1974,Europe,0.884026871,147
honda civic (1974),24,4,120,97,2489,15,1974,Japan,0.93676059,148
subaru (1974),26,4,108,93,2391,15.5,1974,Japan,0.96228774,149
fiat x1.9,31,4,79,67,2000,16,1974,Europe,0.956540399,150
plymouth valiant custom,19,6,225,95,3264,16,1975,USA,0.8207688,151
chevrolet nova (1975),18,6,250,105,3459,16,1975,USA,0.842787834,152
mercury monarch,15,6,250,72,3432,21,1975,USA,0.63493189,153
ford maverick (1975),15,6,250,72,3158,19.5,1975,USA,0.63493189,154
pontiac catalina (1975),16,8,400,170,4668,11.5,1975,USA,1.082478074,155
chevrolet bel air,15,8,350,145,4440,14,1975,USA,0.952323195,156
plymouth grand fury,16,8,318,150,4498,14.5,1975,USA,0.995521553,157
ford ltd (1975),14,8,351,148,4657,13.5,1975,USA,0.943907445,158
buick century (1975),17,6,231,110,3907,21,1975,USA,0.843067737,159
chevroelt chevelle malibu,16,6,250,105,3897,18.5,1975,USA,0.799869379,160
amc matador (1975),15,6,258,110,3730,19,1975,USA,0.800149282,161
plymouth fury,18,6,225,95,3785,19,1975,USA,0.799309573,162
buick skyhawk,21,6,231,110,3039,15,1975,USA,0.928904646,163
chevrolet monza 2+2,20,8,262,110,3221,13.5,1975,USA,0.907445419,164
ford mustang ii,13,8,302,129,3169,12,1975,USA,0.839839522,165
toyota corolla (1975),29,4,97,75,2171,16,1975,Japan,0.948404553,166
amc gremlin (1975),20,6,232,100,2914,16,1975,USA,0.863967158,167
pontiac astro,23,4,140,78,2592,18.5,1975,USA,0.832692667,168
toyota corona (1975),24,4,134,96,2702,13.5,1975,Japan,0.932412764,169
volkswagen dasher (1975),25,4,90,71,2223,16.5,1975,Europe,0.845176339,170
datsun 710 (1975),24,4,119,97,2545,17,1975,Japan,0.93676059,171
ford pinto (1975),18,6,171,97,2984,14.5,1975,USA,0.808005225,172
volkswagen rabbit (1975),29,4,90,70,1937,14,1975,Europe,0.926665423,173
amc pacer,19,6,232,90,3211,17,1975,USA,0.79902967,174
audi 100ls (1975),23,4,115,95,2694,15,1975,Europe,0.90660571,175
peugeot 504 (1975),23,4,120,88,2957,17,1975,Europe,0.876170927,176
volvo 244dl,22,4,121,98,2945,14.5,1975,Europe,0.898189961,177
saab 99le (1975),25,4,121,115,2671,13.5,1975,Europe,1.036480687,178
honda civic cvcc (1975),33,4,91,53,1795,17.5,1975,Japan,0.938589289,179
fiat 131,28,4,107,86,2464,15.5,1976,Europe,0.974771413,180
opel 1900 (1976),25,4,116,81,2220,16.9,1976,Europe,0.8886546,181
capri ii,25,4,140,92,2572,14.9,1976,USA,0.936480687,182
dodge colt (1976),26,4,98,79,2255,17.7,1976,USA,0.901418175,183
renault 12tl,27,4,101,83,2202,15.3,1976,Europe,0.940268707,184
chevrolet chevelle malibu classic (1976),17.5,8,305,140,4215,13,1976,USA,0.984232133,185
dodge coronet brougham,16,8,318,150,4190,13,1976,USA,0.995521553,186
amc matador (1976),15.5,8,304,120,3962,13.9,1976,USA,0.854357156,187
ford gran torino (1976),14.5,8,351,152,4215,12.8,1976,USA,0.972028364,188
plymouth valiant (1976),22,6,225,100,3233,15.4,1976,USA,0.906885613,189
chevrolet nova (1976),22,6,250,105,3353,14.5,1976,USA,0.928624743,190
ford maverick (1976),24,6,200,81,3012,17.6,1976,USA,0.867195372,191
amc hornet (1976),22.5,6,232,90,3085,17.6,1976,USA,0.874136966,192
chevrolet chevette (1976),29,4,85,52,2035,22.2,1976,USA,0.848404553,193
chevrolet woody,24.5,4,98,60,2164,22.1,1976,USA,0.786620638,194
vw rabbit (1976),29,4,90,70,1937,14.2,1976,Europe,0.926665423,195
honda civic (1976),33,4,91,53,1795,17.4,1976,Japan,0.938589289,196
dodge aspen se,20,6,225,100,3651,17.7,1976,USA,0.863967158,197
ford granada ghia,18,6,250,78,3574,21,1976,USA,0.725396529,198
pontiac ventura sj,18.5,6,250,110,3645,16.2,1976,USA,0.875256578,199
amc pacer d/l,17.5,6,258,95,3193,17.8,1976,USA,0.788579959,200
volkswagen rabbit (1976),29.5,4,97,71,1825,12.2,1976,Europe,0.941742862,201
datsun b-210,32,4,85,70,1990,17,1976,Japan,0.991043105,202
toyota corolla (1976),28,4,97,75,2155,16.4,1976,Japan,0.926945326,203
ford pinto (1976),26.5,4,140,72,2565,13.6,1976,USA,0.881713006,204
volvo 245,20,4,130,102,3150,15.7,1976,Europe,0.87266281,205
plymouth volare premier v8,13,8,318,150,3940,13.2,1976,USA,0.93114387,206
peugeot 504 (1976),19,4,120,88,3270,21.9,1976,Europe,0.790334018,207
toyota mark ii (1976),19,6,156,108,2930,15.5,1976,Japan,0.877290539,208
mercedes-benz 280s,16.5,6,168,120,3820,16.7,1976,Europe,0.875816384,209
cadillac seville,16.5,8,350,180,4380,12.1,1976,USA,1.136685949,210
chevy c10,13,8,350,145,4055,12,1976,USA,0.90940474,211
ford f108,13,8,302,130,3870,15,1976,USA,0.844187348,212
dodge d100,13,8,318,150,3755,14,1976,USA,0.93114387,213
honda Accelerationord cvcc,31.5,4,98,68,2045,18.5,1977,Japan,0.971617839,214
buick opel isuzu deluxe,30,4,111,80,2155,14.8,1977,USA,0.991602911,215
renault 5 gtl,36,4,79,58,1825,18.6,1977,Europe,1.024706102,216
plymouth arrow gs,25.5,4,122,96,2300,15.5,1977,USA,0.964601605,217
datsun f-10 hatchback,33.5,4,85,70,1945,16.8,1977,Japan,1.023231946,218
chevrolet caprice classic (1977),17.5,8,305,145,3880,12.5,1977,USA,1.005971263,219
oldsmobile cutlass supreme,17,8,260,110,4060,19,1977,USA,0.843067737,220
dodge monaco brougham,15.5,8,318,145,4140,13.7,1977,USA,0.963052808,221
mercury cougar brougham,15,8,302,130,4295,14.9,1977,USA,0.887105803,222
chevrolet concours,17.5,6,250,110,3520,16.4,1977,USA,0.85379735,223
buick skylark (1977),20.5,6,231,105,3425,16.9,1977,USA,0.896435902,224
plymouth volare custom,19,6,225,100,3630,17.7,1977,USA,0.842507931,225
ford granada,18.5,6,250,98,3525,19,1977,USA,0.823082665,226
pontiac grand prix lj,16,8,400,180,4220,11.1,1977,USA,1.125956335,227
chevrolet monte carlo landau (1977),15.5,8,350,170,4165,11.4,1977,USA,1.071748461,228
chrysler cordoba,15.5,8,400,190,4325,12.2,1977,USA,1.158704982,229
ford thunderbird,16,8,351,149,4335,14.5,1977,USA,0.991173726,230
volkswagen rabbit custom,29,4,97,78,1940,14.5,1977,Europe,0.961448031,231
pontiac sunbird coupe,24.5,4,151,88,2740,16,1977,USA,0.908359769,232
toyota corolla liftback,26,4,97,75,2265,18.2,1977,Japan,0.884026871,233
ford mustang ii 2+2,25.5,4,140,89,2755,15.8,1977,USA,0.934166822,234
chevrolet chevette (1977),30.5,4,98,63,2051,17,1977,USA,0.928419481,235
dodge colt m/m,33.5,4,98,83,2075,15.9,1977,USA,1.079753685,236
subaru dl (1977),30,4,97,67,1985,16.4,1977,Japan,0.935081172,237
volkswagen dasher (1977),30.5,4,97,78,2190,14.1,1977,Europe,0.993636873,238
datsun 810,22,6,146,97,2815,14.5,1977,Japan,0.893842135,239
bmw 320i,21.5,4,121,110,2600,12.8,1977,Europe,0.93963426,240
mazda rx-4,21.5,3,80,110,2720,13.5,1977,Japan,0.93963426,241
volkswagen rabbit custom diesel,43.1,4,90,48,1985,21.5,1978,Europe,1.133588356,242
ford fiesta,36.1,4,98,66,1800,14.4,1978,USA,1.061634633,243
mazda glc deluxe,32.8,4,78,52,1985,19.4,1978,Japan,0.929949617,244
datsun b210 gx,39.4,4,85,70,2070,18.6,1978,Japan,1.149841388,245
honda civic cvcc (1978),36.1,4,91,60,1800,16.4,1978,Japan,1.035547677,246
oldsmobile cutlass salon brougham (1978),19.9,8,260,110,3365,15.5,1978,USA,0.905299496,247
dodge diplomat,19.4,8,318,140,3735,13.2,1978,USA,1.025004665,248
mercury monarch ghia,20.2,8,302,139,3570,12.8,1978,USA,1.037824221,249
pontiac phoenix lj,19.2,6,231,105,3535,19.2,1978,USA,0.868538907,250
chevrolet malibu (1978),20.5,6,200,95,3155,18.2,1978,USA,0.852957641,251
ford fairmont (auto),20.2,6,200,85,2965,15.8,1978,USA,0.803041612,252
ford fairmont (man),25.1,4,140,88,2720,15.4,1978,USA,0.921235305,253
plymouth volare,20.5,6,225,100,3430,17.2,1978,USA,0.874696772,254
amc concord (1978),19.4,6,232,90,3210,17.2,1978,USA,0.807613361,255
buick century special,20.6,6,231,105,3380,15.8,1978,USA,0.898581825,256
mercury zephyr,20.8,6,200,85,3070,16.7,1978,USA,0.815917149,257
dodge aspen (1978),18.6,6,225,110,3620,18.7,1978,USA,0.8774025,258
amc concord d/l,18.1,6,258,120,3410,15.1,1978,USA,0.910151148,259
chevrolet monte carlo landau (1978),19.2,8,305,145,3425,13.2,1978,USA,1.04245195,260
buick regal sport coupe (turbo),17.7,6,231,165,3445,13.4,1978,USA,1.097219631,261
ford futura,18.1,8,302,139,3205,11.2,1978,USA,0.992759843,262
dodge magnum xe,17.5,8,318,140,4080,13.7,1978,USA,0.984232133,263
chevrolet chevette (1978),30,4,98,68,2155,16.5,1978,USA,0.939428998,264
toyota corona (1978),27.5,4,134,95,2560,14.2,1978,Japan,1.003172234,265
datsun 510,27.2,4,119,97,2300,14.7,1978,Japan,1.005430118,266
dodge omni,30.9,4,105,75,2230,14.5,1978,USA,0.989177085,267
toyota celica gt liftback,21.1,4,134,95,2515,14.8,1978,Japan,0.865833178,268
plymouth sapporo,23.2,4,156,105,2745,16.7,1978,USA,0.954375816,269
oldsmobile starfire sx,23.8,4,151,85,2855,17.6,1978,USA,0.880294831,270
datsun 200-sx,23.9,4,119,97,2405,14.9,1978,Japan,0.934614667,271
audi 5000,20.3,5,131,103,2830,15.9,1978,Europe,0.883448405,272
volvo 264gl,17,6,163,125,3140,13.6,1978,Europe,0.908285128,273
saab 99gle,21.6,4,121,115,2795,15.7,1978,Europe,0.963519313,274
peugeot 604sl,16.2,6,163,133,3410,15.8,1978,Europe,0.925900355,275
volkswagen scirocco,31.5,4,89,71,1990,14.9,1978,Europe,0.984661317,276
honda Accelerationord lx,29.5,4,98,68,2135,16.6,1978,Japan,0.928699384,277
pontiac lemans v6,21.5,6,231,115,3245,15.4,1979,USA,0.961373391,278
mercury zephyr 6,19.8,6,200,85,2990,18.2,1979,USA,0.794457921,279
ford fairmont 4,22.3,4,140,88,2890,17.3,1979,USA,0.861149468,280
amc concord dl 6,20.2,6,232,90,3265,18.2,1979,USA,0.824780743,281
dodge aspen 6,20.6,6,225,110,3360,16.6,1979,USA,0.920320955,282
chevrolet caprice classic (1979),17,8,305,130,3840,15.4,1979,USA,0.930024258,283
ford ltd landau,17.6,8,302,129,3725,13.4,1979,USA,0.938551969,284
mercury grand marquis,16.5,8,351,138,3955,13.2,1979,USA,0.954077253,285
dodge st. regis,18.2,8,318,135,3830,15.2,1979,USA,0.977514462,286
buick estate wagon (sw) (1979),16.9,8,350,155,4360,14.9,1979,USA,1.036573988,287
ford country squire (sw) (1979),15.5,8,351,142,4054,14.3,1979,USA,0.95000933,288
chevrolet malibu classic (sw),19.2,8,267,125,3605,15,1979,USA,0.955495428,289
chrysler lebaron town @ country (sw),18.5,8,360,150,3940,13,1979,USA,1.049169621,290
vw rabbit custom,31.9,4,89,71,1925,14,1979,Europe,0.993245008,291
maxda glc deluxe,34.1,4,86,65,1975,15.2,1979,Japan,1.014368352,292
dodge colt hatchback custom,35.7,4,98,80,1915,14.4,1979,USA,1.113920508,293
amc spirit dl,27.4,4,121,80,2670,15,1979,USA,0.93580892,294
mercedes benz 300d,25.4,5,183,77,3530,20.1,1979,Europe,0.879846986,295
cadillac eldorado,23,8,350,125,3900,17.4,1979,USA,1.037040493,296
peugeot 504 (1979),27.2,4,141,71,3190,24.8,1979,Europe,0.892386639,297
oldsmobile cutlass salon brougham (1979),23.9,8,260,90,3420,22.2,1979,USA,0.904179884,298
plymouth horizon,34.2,4,105,70,2200,13.2,1979,USA,1.038253405,299
plymouth horizon tc3,34.5,4,105,70,2150,14.9,1979,USA,1.044691174,300
datsun 210 (1979),31.8,4,85,65,2020,19.2,1979,Japan,0.965012129,301
fiat strada custom,37.3,4,91,69,2130,14.7,1979,Europe,1.100429185,302
buick skylark limited,28.4,4,151,90,2670,16,1979,USA,1.000746408,303
chevrolet citation (1979),28.8,6,173,115,2595,11.3,1979,USA,1.118025751,304
oldsmobile omega brougham,26.8,6,173,115,2700,12.9,1979,USA,1.075107296,305
pontiac phoenix (1979),33.5,4,151,90,2556,13.2,1979,USA,1.110188468,306
vw rabbit (1980),41.5,4,98,76,2144,14.7,1980,Europe,1.220992723,307
toyota corolla tercel,38.1,4,89,60,1968,18.8,1980,Japan,1.078466132,308
chevrolet chevette (1980),32.1,4,98,70,2120,15.5,1980,USA,0.993189028,309
datsun 310,37.2,4,86,65,2019,16.4,1980,Japan,1.080891957,310
chevrolet citation (1980),28,4,151,90,2678,16.5,1980,USA,0.992162717,311
ford fairmont,26.4,4,140,88,2870,18.1,1980,USA,0.949132301,312
amc concord (1980),24.3,4,151,90,3003,20.1,1980,USA,0.912763575,313
dodge aspen (1980),19.1,6,225,90,3381,18.7,1980,USA,0.801175592,314
audi 4000,34.3,4,97,78,2188,15.8,1980,Europe,1.075181937,315
toyota corona liftback,29.8,4,134,90,2711,15.5,1980,Japan,1.030789326,316
mazda 626 (1980),31.3,4,120,75,2542,17.5,1980,Japan,0.997760776,317
datsun 510 hatchback,37,4,119,92,2434,15,1980,Japan,1.193991416,318
toyota corolla (1980),32.2,4,108,75,2265,15.2,1980,Japan,1.017074081,319
mazda glc,46.6,4,86,65,2110,17.9,1980,Japan,1.282608696,320
dodge colt (1980),27.9,4,156,105,2800,14.4,1980,USA,1.055234185,321
datsun 210 (1980),40.8,4,85,65,2110,19.2,1980,Japan,1.158145176,322
vw rabbit c (diesel),44.3,4,90,48,2085,21.7,1980,Europe,1.159339429,323
vw dasher (diesel),43.4,4,90,48,2335,23.7,1980,Europe,1.140026124,324
audi 5000s (diesel),36.4,5,121,67,2950,19.9,1980,Europe,1.072420228,325
mercedes-benz 240d,30,4,146,67,3250,21.8,1980,Europe,0.935081172,326
honda civic 1500 gl,44.6,4,91,67,1850,13.8,1980,Japan,1.248385893,327
subaru dl (1980),33.8,4,97,67,2145,18,1980,Japan,1.016626236,328
vokswagen rabbit,29.8,4,89,62,1845,15.3,1980,Europe,0.909050196,329
datsun 280-zx,32.7,6,168,132,2910,11.4,1980,Japan,1.275629782,330
mazda rx-7 gs,23.7,3,70,100,2420,12.5,1980,Japan,0.9433663,331
triumph tr7 coupe,35,4,122,88,2500,15.1,1980,Europe,1.133681657,332
honda Accelerationord (1980),32.4,4,107,72,2290,17,1980,Japan,1.008322448,333
buick skylark (1982),26.6,4,151,84,2635,16.4,1982,USA,0.936032842,334
dodge aries wagon (sw),25.8,4,156,92,2620,14.4,1982,USA,0.953648069,335
chevrolet citation (1982),23.5,6,173,110,2725,12.6,1982,USA,0.982552715,336
plymouth reliant (1982),30,4,135,84,2385,12.9,1982,USA,1.008994215,337
toyota starlet,39.1,4,79,58,1755,16.9,1982,Japan,1.091229707,338
plymouth champ,39,4,86,64,1875,16.4,1982,USA,1.115170741,339
honda civic 1300,35.1,4,81,60,1760,16.1,1982,Japan,1.014088449,340
subaru (1982),32.3,4,97,67,2065,17.8,1982,Japan,0.984437395,341
datsun 210 (1982),37,4,85,65,1975,19.4,1982,Japan,1.076600112,342
toyota tercel,37.7,4,89,62,2050,17.3,1982,Japan,1.078578093,343
mazda glc 4,34.1,4,91,68,1985,16,1982,Japan,1.027411831,344
plymouth horizon 4,34.7,4,105,63,2215,14.9,1982,USA,1.018548237,345
ford escort 4w,34.4,4,98,65,2045,16.2,1982,USA,1.020806121,346
ford escort 2h,29.9,4,98,65,2380,20.7,1982,USA,0.924239597,347
volkswagen jetta,33,4,105,74,2190,14.2,1982,Europe,1.029893637,348
honda prelude,33.7,4,107,75,2210,14.4,1982,Japan,1.049262922,349
datsun 200sx,32.9,4,119,100,2615,14.8,1982,Japan,1.140791192,350
mazda 626 (1982),31.6,4,120,74,2635,18.3,1982,Japan,0.999850718,351
peugeot 505s turbo diesel,28.1,4,141,80,3230,20.4,1982,Europe,0.950830379,352
volvo diesel,30.7,6,145,76,3160,19.6,1982,Europe,0.989233066,353
toyota cressida,25.4,6,168,116,2900,12.6,1982,Japan,1.049412204,354
datsun 810 maxima,24.2,6,146,120,2930,13.8,1982,Japan,1.041052435,355
buick century (1982),22.4,6,231,110,3415,15.8,1982,USA,0.958947565,356
oldsmobile cutlass ls,26.6,8,350,105,3725,19,1982,USA,1.02733719,357
ford granada gl,20.2,6,200,88,3060,17.1,1982,USA,0.816085091,358
chrysler lebaron salon,17.6,6,225,85,3465,16.6,1982,USA,0.747247621,359
chevrolet cavalier,28,4,112,88,2605,19.6,1982,USA,0.983467065,360
chevrolet cavalier wagon,27,4,112,88,2640,18.6,1982,USA,0.962007837,361
chevrolet cavalier 2-door,34,4,112,88,2395,18,1982,USA,1.11222243,362
pontiac j2000 se hatchback,31,4,112,85,2575,16.2,1982,USA,1.034801269,363
dodge aries se,29,4,135,84,2525,16,1982,USA,0.987534988,364
pontiac phoenix (1982),27,4,151,90,2735,18,1982,USA,0.970703489,365
ford fairmont futura,24,4,140,92,2865,16.4,1982,USA,0.915021459,366
volkswagen rabbit l,36,4,105,74,1980,15.3,1982,Europe,1.094271319,367
mazda glc custom l,37,4,91,68,2025,18.2,1982,Japan,1.08964359,368
mazda glc custom,31,4,91,68,1970,17.6,1982,Japan,0.960888225,369
plymouth horizon miser,38,4,105,63,2125,14.7,1982,USA,1.089363687,370
mercury lynx l,36,4,98,70,2125,17.3,1982,USA,1.076880015,371
nissan stanza xe,36,4,120,88,2160,14.5,1982,Japan,1.155140884,372
honda Accelerationord (1982),36,4,107,75,2205,14.5,1982,Japan,1.098619145,373
toyota corolla (1982),34,4,108,70,2245,16.9,1982,Japan,1.03396156,374
honda civic (1982),38,4,91,67,1965,15,1982,Japan,1.106754992,375
honda civic (auto),32,4,91,67,1965,15.7,1982,Japan,0.977999627,376
datsun 310 gx,38,4,91,67,1995,16.2,1982,Japan,1.106754992,377
buick century limited,25,6,181,110,2945,16.4,1982,USA,1.014741556,378
oldsmobile cutlass ciera (diesel),38,6,262,85,3015,17,1982,USA,1.185015861,379
chrysler lebaron medallion,26,4,156,92,2585,14.5,1982,USA,0.957939914,380
ford granada l,22,6,232,112,2835,14.7,1982,USA,0.959059526,381
toyota celica gt,32,4,144,96,2665,13.9,1982,Japan,1.104086583,382
dodge charger 2.2,36,4,135,84,2370,13,1982,USA,1.13774958,383
chevrolet camaro,27,4,151,90,2950,17.3,1982,USA,0.970703489,384
ford mustang gl,27,4,140,86,2790,15.6,1982,USA,0.953312185,385
vw pickup,44,4,97,52,2130,24.6,1982,Europe,1.170292965,386
dodge rampage,32,4,135,84,2295,11.6,1982,USA,1.05191267,387
ford ranger,28,4,120,79,2625,18.6,1982,USA,0.94433663,388
chevy s-10,31,4,119,82,2720,19.4,1982,USA,1.021757791,389