state,Total Cases,New Cases,Total Deaths,New Deaths,Active Cases,Total Cases /1M pop,Deaths /1M pop,Total Tests,Tests /1M pop,Date
New York,188694,7550,9385,758,162220,9618,478,461601,"23,529",04-12-2020
New Jersey,61850,3699,2350,167,58818,6964,265,126735,"14,269",04-12-2020
Michigan,23993,,1392, ,22158,2410,140,76014,"7,634",04-12-2020
Massachusetts,22860,,686, ,21445,3347,100,108776,"15,926",04-12-2020
Pennsylvania,22833,1029,507,6,21676,1785,40,124890,"9,764",04-12-2020
California,22424,251,634,4,20850,573,16,182986,"4,674",04-12-2020
Louisiana,20595,581,840,34,19705,4416,180,104045,"22,310",04-12-2020
Florida,19347,361,452,6,18715,939,22,183222,"8,895",04-12-2020
Illinois,19180,,677, ,18453,1496,53,92779,"7,236",04-12-2020
Texas,13484,279,271,4,11596,484,10,124553,"4,467",04-12-2020
Georgia,12452,191,433,1,11988,1209,42,54453,"5,288",04-12-2020
Connecticut,11510,,494, ,10966,3214,138,39831,"11,121",04-12-2020
Washington,10448,,494, ,8880,1432,68,92999,"12,749",04-12-2020
Maryland,8225,531,235,29,7534,1370,39,47238,"7,868",04-12-2020
Indiana,7928,493,343,13,7571,1194,52,42489,"6,401",04-12-2020
Colorado,6893,,274, ,6579,1246,50,34873,"6,305",04-12-2020
Ohio,6250,,247, ,6003,537,21,60471,"5,194",04-12-2020
Virginia,5274,197,141,11,5131,627,17,39985,"4,752",04-12-2020
Tennessee,5114,,101, ,3627,769,15,66828,"10,048",04-12-2020
North Carolina,4520,165,87, ,4347,445,9,62139,"6,119",04-12-2020
Missouri,4024,,114, ,3726,661,19,45064,"7,400",04-12-2020
Arizona,3539,146,115,7,3384,509,17,42109,"6,062",04-12-2020
Alabama,3450,188,93, ,3337,709,19,20605,"4,236",04-12-2020
US Military,3366,,13, ,3054,,,0,,04-12-2020
Wisconsin,3213,,137, ,3011,556,24,37893,"6,558",04-12-2020
South Carolina,3207,,80, ,3127,647,16,30093,"6,072",04-12-2020
Nevada,2836,136,112,1,2474,970,38,29579,"10,120",04-12-2020
Mississippi,2781,139,96,3,2685,930,32,21101,"7,060",04-12-2020
Rhode Island,2665,316,63,7,2592,2522,60,20350,"19,260",04-12-2020
Utah,2206,,18, ,2162,724,6,42546,"13,971",04-12-2020
Oklahoma,1970,102,96,2,1352,503,25,22511,"5,745",04-12-2020
District Of Columbia,1875,97,50,3,1332,2739,73,10640,"15,544",04-12-2020
Kentucky,1840,,94, ,1440,414,21,24567,"5,533",04-12-2020
Minnesota,1621,194,70,6,709,293,13,37421,"6,770",04-12-2020
Iowa,1510,,34, ,1387,482,11,17132,"5,469",04-12-2020
Delaware,1479,,33, ,1255,1558,35,11103,"11,694",04-12-2020
Oregon,1447,,51, ,1396,354,12,28638,"7,016",04-12-2020
Idaho,1407,,27, ,1380,834,16,14308,"8,477",04-12-2020
Arkansas ,1280,52,27,2,886,428,9,19722,"6,595",04-12-2020
Kansas,1268,,55, ,1213,436,19,12343,"4,243",04-12-2020
New Mexico,1174,,20, ,983,561,10,28692,"13,712",04-12-2020
New Hampshire,929,,23, ,670,691,17,10925,"8,131",04-12-2020
Puerto Rico,897,109,44,2,849,265,13,7973,"2,354",04-12-2020
Nebraska,791,87,17, ,774,415,9,10710,"5,623",04-12-2020
South Dakota,730,104,6, ,528,845,7,8553,"9,896",04-12-2020
Vermont,727,16,27,2,700,1163,43,9841,"15,746",04-12-2020
Navajo Nation,698,140,24,2,674,,,0,,04-12-2020
Maine,633,17,19, ,348,475,14,6625,"4,971",04-12-2020
West Virginia,593,2,6, ,504,324,3,16124,"8,815",04-12-2020
Hawaii,486,,8, ,178,342,6,17953,"12,625",04-12-2020
Montana,387,10,6, ,212,371,6,8913,"8,556",04-12-2020
North Dakota,308,15,8,1,179,409,11,10350,"13,760",04-12-2020
Wyoming,261,,, ,124,449,,5614,"9,649",04-12-2020
Alaska,257,,8, ,186,348,11,7732,"10,470",04-12-2020
Guam,133,,5, ,70,,,605,,04-12-2020
Grand Princess Ship,103,,3, ,100,,,0,,04-12-2020
United States Virgin Islands,51,,1, ,7,,,370,,04-12-2020
Diamond Princess Ship,46,,, ,46,,,46,,04-12-2020
Northern Mariana Islands,11,,2, ,9,,,45,,04-12-2020
Wuhan Repatriated,3,,, ,3,,,3,,04-12-2020
New York,195031,5616,10056,671,167886,9941,513,478357,"24,383",04-13-2020
New Jersey,61850,,2350, ,58818,6964,265,126735,"14,269",04-13-2020
Massachusetts,25475,,756, ,23990,3730,111,116730,"17,090",04-13-2020
Michigan,24638,,1487, ,22708,2474,149,76014,"7,634",04-13-2020
Pennsylvania,24199,1279,561, ,22988,1892,44,129792,"10,147",04-13-2020
California,23428,251,682,8,21806,598,17,203400,"5,196",04-13-2020
Louisiana,21016,421,884,44,20082,4506,190,108091,"23,178",04-13-2020
Illinois,20852,,720, ,20082,1626,56,100735,"7,857",04-13-2020
Florida,20601,706,470,9,19951,1000,23,197996,"9,612",04-13-2020
Texas,13906,266,287,9,11605,499,10,133226,"4,778",04-13-2020
Georgia,13315,765,464,22,12820,1293,45,57021,"5,537",04-13-2020
Connecticut,12035,,554, ,11431,3360,155,41220,"11,509",04-13-2020
Washington,10530,,508,3,8697,1444,70,92999,"12,749",04-13-2020
Maryland,8936,711,262,27,8071,1488,44,51751,"8,620",04-13-2020
Indiana,8236,308,350,7,7872,1241,53,44539,"6,710",04-13-2020
Colorado,7303,,290, ,6973,1320,52,37153,"6,717",04-13-2020
Ohio,6604,,253, ,6351,567,22,63243,"5,432",04-13-2020
Virginia,5747,473,149,8,5131,683,18,41401,"4,921",04-13-2020
Tennessee,5308,,101, ,3703,798,15,70747,"10,637",04-13-2020
North Carolina,4857,275,96,6,4675,478,9,63388,"6,242",04-13-2020
US Military,4528,1162,15,2,3925,,,,,04-13-2020
Missouri,4160,,116, ,3860,683,19,45064,"7,400",04-13-2020
Arizona,3702,163,122,7,3540,533,18,42109,"6,062",04-13-2020
Alabama,3671,88,98,5,3553,755,20,29140,"5,990",04-13-2020
Wisconsin,3341,,144, ,3132,578,25,39257,"6,794",04-13-2020
South Carolina,3319,,82, ,3237,670,17,31426,"6,341",04-13-2020
Rhode Island,2976,311,73,10,2893,2817,69,20350,"19,260",04-13-2020
Nevada,2971,135,114,2,2607,1016,39,30628,"10,479",04-13-2020
Mississippi,2942,161,98,2,2844,984,33,21101,"7,060",04-13-2020
Utah,2303,,18, ,2259,756,6,44234,"14,525",04-13-2020
Oklahoma,2069,99,99,3,1448,528,25,22511,"5,745",04-13-2020
Kentucky,1963,,97, ,1560,442,22,25866,"5,825",04-13-2020
District Of Columbia,1955,80,52,2,1396,2856,76,10934,"15,974",04-13-2020
Iowa,1710,123,43,2,993,546,14,17592,"5,616",04-13-2020
Minnesota,1650,29,70, ,738,299,13,38427,"6,952",04-13-2020
Delaware,1625,,35, ,1377,1711,37,11820,"12,449",04-13-2020
Oregon,1527,,52, ,1475,374,13,29758,"7,290",04-13-2020
Idaho,1426,,27, ,1375,845,16,14881,"8,817",04-13-2020
Arkansas,1398,118,29,2,993,467,10,20792,"6,952",04-13-2020
Kansas,1337,,56, ,1153,460,19,13253,"4,556",04-13-2020
New Mexico,1245,,26, ,924,595,12,30515,"14,583",04-13-2020
New Hampshire,985,,23, ,726,733,17,10925,"8,131",04-13-2020
Puerto Rico,903,6,45,1,854,267,13,8157,"2,408",04-13-2020
South Dakota,868,138,6, ,655,1004,7,9002,"10,415",04-13-2020
Nebraska,814,23,17, ,775,427,9,10991,"5,770",04-13-2020
Vermont,748,21,28,1,720,1197,45,10365,"16,585",04-13-2020
Maine,698,65,19, ,406,524,14,12168,"9,130",04-13-2020
Navajo Nation,698,,24, ,674,,,,,04-13-2020
West Virginia,626,15,9,1,534,342,5,16655,"9,106",04-13-2020
Hawaii,499,,9, ,180,351,6,18827,"13,240",04-13-2020
Montana,394,7,7,1,216,378,7,8913,"8,556",04-13-2020
North Dakota,331,23,8, ,196,440,11,10781,"14,333",04-13-2020
Alaska,272,,8, ,198,368,11,8038,"10,884",04-13-2020
Wyoming,270,,, ,133,464,,5614,"9,649",04-13-2020
Guam,133,,5, ,70,,,605,,04-13-2020
Grand Princess Ship,103,,3, ,100,,,,,04-13-2020
United States Virgin Islands,51,,1, ,7,,,370,,04-13-2020
Diamond Princess Ship,46,,, ,46,,,46,,04-13-2020
Northern Mariana Islands,11,,2, ,9,,,45,,04-13-2020
Wuhan Repatriated,3,,, ,3,,,3,,04-13-2020
New York,202208,6553,10834,778,174285,10307,552,499143,"25,443",04-14-2020
New Jersey,68824,4240,2805,362,64748,7749,316,131219,"14,774",04-14-2020
Massachusetts,26867,,844, ,25294,3934,124,122049,"17,869",04-14-2020
Michigan,25635,,1602, ,23590,2574,161,76014,"7,634",04-14-2020
Pennsylvania,25345,1053,590, ,24105,1981,46,133631,"10,447",04-14-2020
California,24421,282,731,4,22750,624,19,212900,"5,438",04-14-2020
Illinois,22025,,794, ,21181,1718,62,105768,"8,249",04-14-2020
Louisiana,21518,502,1013,129,20455,4614,217,118422,"25,393",04-14-2020
Florida,21367,348,524,25,20218,1037,25,205413,"9,972",04-14-2020
Texas,14624,347,318,23,11726,524,11,146467,"5,253",04-14-2020
Georgia,14223,602,501,21,13691,1381,49,61795,"6,001",04-14-2020
Connecticut,13381,,602, ,12729,3736,168,44309,"12,372",04-14-2020
Washington,10703,,523, ,8855,1467,72,92999,"12,749",04-14-2020
Maryland,9472,536,302,40,8567,1578,50,53733,"8,950",04-14-2020
Indiana,8527,291,387,37,8126,1285,58,46017,"6,933",04-14-2020
Colorado,7691,7,308,4,7343,1390,56,38742,"7,004",04-14-2020
Ohio,6975,,274, ,6581,599,24,63243,"5,432",04-14-2020
Virginia,6171,424,154,5,5296,733,18,42763,"5,082",04-14-2020
Tennessee,5610,,109, ,3830,843,16,76195,"11,456",04-14-2020
North Carolina,5024,140,108,1,4830,495,11,65039,"6,404",04-14-2020
US Military,4528,,15, ,3925,,,,,04-14-2020
Missouri,4510,,122, ,4204,741,20,45064,"7,400",04-14-2020
Alabama,3811,8,105,2,3686,783,22,33050,"6,794",04-14-2020
Arizona,3806,104,131,9,3635,548,19,44096,"6,348",04-14-2020
South Carolina,3439,,87, ,3352,694,18,31426,"6,341",04-14-2020
Wisconsin,3428,,154, ,3209,593,27,40197,"6,956",04-14-2020
Mississippi,3087,145,111,13,2976,1033,37,21101,"7,060",04-14-2020
Rhode Island,2976,,73, ,2893,2817,69,20350,"19,260",04-14-2020
Nevada,2971,,120, ,1682,1016,41,30628,"10,479",04-14-2020
Utah,2363,,18, ,2127,776,6,45787,"15,035",04-14-2020
Oklahoma,2184,115,108,9,1016,557,28,28225,"7,204",04-14-2020
District Of Columbia,2058,103,67,15,1473,3007,98,11518,"16,827",04-14-2020
Kentucky,2048,,104, ,1638,461,23,26683,"6,009",04-14-2020
Delaware,1761,,41, ,1443,1855,43,12304,"12,958",04-14-2020
Iowa,1710,,43, ,926,546,14,17592,"5,616",04-14-2020
Minnesota,1695,45,79,9,707,307,14,39241,"7,099",04-14-2020
Oregon,1584,,53, ,1531,388,13,31121,"7,624",04-14-2020
Arkansas,1480,5,30, ,1023,495,10,21131,"7,066",04-14-2020
Idaho,1453,,33, ,1396,861,20,14881,"8,817",04-14-2020
Kansas,1376,,62, ,1074,473,21,13864,"4,766",04-14-2020
New Mexico,1345,,31, ,1019,643,15,31970,"15,279",04-14-2020
New Hampshire,1020,,23, ,748,759,17,11610,"8,641",04-14-2020
Puerto Rico,923,20,45, ,874,273,13,8535,"2,520",04-14-2020
Nebraska,871,,18, ,831,457,9,11384,"5,977",04-14-2020
South Dakota,868,,6, ,655,1004,7,9002,"10,415",04-14-2020
Navajo Nation,813,115,28,4,785,,,,,04-14-2020
Vermont,748,,28, ,720,1197,45,10365,"16,585",04-14-2020
Maine,734,36,20,1,422,551,15,12168,"9,130",04-14-2020
West Virginia,633,,9, ,539,346,5,16748,"9,157",04-14-2020
Hawaii,504,,9, ,180,354,6,18827,"13,240",04-14-2020
Montana,399,5,7, ,195,383,7,9234,"8,864",04-14-2020
 North Dakota,341,10,9,1,194,453,12,10916,"14,512",04-14-2020
Alaska,277,,8, ,184,375,11,8038,"10,884",04-14-2020
Wyoming,275,,1, ,134,473,2,5963,"10,249",04-14-2020
Guam,133,,5, ,70,,,605,,04-14-2020
Grand Princess Ship,103,,3, ,100,,,,,04-14-2020
United States Virgin Islands,51,,1, ,6,,,400,,04-14-2020
Diamond Princess Ship,46,,, ,46,,,46,,04-14-2020
Northern Mariana Islands,11,,2, ,9,,,45,,04-14-2020
Wuhan Repatriated,3,,, ,3,,,3,,04-14-2020
New York,203123,,11586,752,167650,10354,591,499143,"25,443",04-15-2020
New Jersey,71030,2206,3156,351,66603,7997,355,131976,"14,859",04-15-2020
Massachusetts,28163,,957, ,26477,4123,140,126551,"18,528",04-15-2020
Michigan,27001,,1768, ,24790,2712,178,76014,"7,634",04-15-2020
Pennsylvania,26490,1025,696, ,25144,2071,54,137584,"10,756",04-15-2020
California,25808,272,790,8,23668,659,20,215400,"5,502",04-15-2020
Illinois,23247,,868, ,22329,1813,68,110616,"8,627",04-15-2020
Florida,22081,453,591,20,20846,1072,29,205413,"9,972",04-15-2020
Louisiana,21951,433,1103,90,20798,4707,237,121928,"26,145",04-15-2020
Texas,15492,479,364,19,11978,556,13,151810,"5,444",04-15-2020
Georgia,14987,409,552,28,14404,1455,54,64090,"6,224",04-15-2020
Connecticut,13989,,671, ,13253,3906,187,45841,"12,799",04-15-2020
Washington,10795,,547, ,8824,1480,75,122854,"16,842",04-15-2020
Maryland,10032,560,349,47,9076,1671,58,55763,"9,289",04-15-2020
Indiana,8955,428,436,49,8505,1349,66,48396,"7,291",04-15-2020
Colorado,7941,,329, ,7496,1436,59,39580,"7,156",04-15-2020
Ohio,7791,511,361,37,7310,669,31,67874,"5,830",04-15-2020
Virginia,6500,329,195,41,5584,773,23,44169,"5,250",04-15-2020
Tennessee,5823,,124, ,3730,875,19,78831,"11,852",04-15-2020
North Carolina,5249,116,125,12,4241,517,12,67827,"6,679",04-15-2020
US Military,4769,,16, ,4127,,,,,04-15-2020
 Missouri,4752,38,147,5,4421,780,24,48803,"8,014",04-15-2020
Alabama,4075,122,118,4,3937,838,24,34077,"7,005",04-15-2020
Arizona,3962,156,142,11,3750,570,20,45310,"6,523",04-15-2020
Wisconsin,3555,,170, ,3298,615,29,41552,"7,191",04-15-2020
South Carolina,3553,,97, ,3456,717,20,33872,"6,835",04-15-2020
Rhode Island,3529,278,87,7,3432,3340,82,25897,"24,509",04-15-2020
Mississippi,3360,273,122,11,3238,1124,41,37773,"12,638",04-15-2020
Nevada,3211,123,130, ,1912,1099,44,33437,"11,440",04-15-2020
Utah,2412,,19, ,2175,792,6,46476,"15,261",04-15-2020
Oklahoma,2263,79,123,15,985,578,31,29098,"7,426",04-15-2020
Kentucky,2210,,115, ,1789,498,26,27697,"6,238",04-15-2020
District Of Columbia,2197,139,72,5,1595,3210,105,11525,"16,837",04-15-2020
Iowa,1995,96,53,4,1201,637,17,19366,"6,182",04-15-2020
Delaware,1926,,43, ,1564,2028,45,12869,"13,554",04-15-2020
Minnesota,1809,114,87,8,782,327,16,40242,"7,281",04-15-2020
Oregon,1633,,55, ,1578,400,13,31121,"7,624",04-15-2020
Arkansas,1562,64,32, ,1043,522,11,21800,"7,289",04-15-2020
Idaho,1464,,39, ,1401,867,23,15398,"9,123",04-15-2020
Kansas,1426,,69, ,1117,490,24,14147,"4,864",04-15-2020
New Mexico,1407,,36, ,1076,672,17,32850,"15,699",04-15-2020
South Dakota,1168,180,6, ,833,1351,7,9859,"11,407",04-15-2020
New Hampshire,1091,,27, ,815,812,20,11847,"8,817",04-15-2020
Puerto Rico,974,51,51,6,919,288,15,9209,"2,719",04-15-2020
Nebraska,901,,20, ,859,473,11,11757,"6,172",04-15-2020
Navajo Nation,838,25,33,5,805,,,,,04-15-2020
Maine,770,36,24,4,441,578,18,12168,"9,130",04-15-2020
Vermont,752,,29, ,723,1203,46,10585,"16,937",04-15-2020
West Virginia,702,8,10, ,545,384,5,17656,"9,653",04-15-2020
Hawaii,517,,9, ,175,364,6,19857,"13,964",04-15-2020
Montana,404,5,7, ,188,388,7,9583,"9,199",04-15-2020
North Dakota,365,24,9, ,214,485,12,11317,"15,045",04-15-2020
Wyoming,287,5,1, ,122,493,2,6129,"10,534",04-15-2020
Alaska,285,,9, ,178,386,12,8348,"11,304",04-15-2020
Guam,135,,5, ,64,,,605,,04-15-2020
Grand Princess Ship,103,,3, ,100,,,,,04-15-2020
United States Virgin Islands,51,,1, ,6,,,400,,04-15-2020
Diamond Princess Ship,46,,, ,46,,,46,,04-15-2020
Northern Mariana Islands,13,,2, ,11,,,45,,04-15-2020
Wuhan Repatriated,3,,, ,3,,,3,,04-15-2020
New York,226343,7636,16251,606,186205,11537,828,550579,"28,064",04-16-2020
New Jersey,75317,4287,3518,362,70528,8480,396,154010,"17,340",04-16-2020
Massachusetts,29918,,1108, ,20692,4380,162,132023,"19,329",04-16-2020
Michigan,28059,,1921, ,25695,2818,193,92483,"9,288",04-16-2020
Pennsylvania,27735,982,779, ,26306,2168,61,141470,"11,060",04-16-2020
California,27108,270,889,25,24869,692,23,215400,"5,502",04-16-2020
Illinois,24593,,948, ,23595,1918,74,116929,"9,120",04-16-2020
Florida,22897,378,633,19,21620,1112,31,220892,"10,724",04-16-2020
Louisiana,22532,581,1156,53,21326,4831,248,126586,"27,143",04-16-2020
Texas,16455,446,393,18,12385,590,14,158547,"5,686",04-16-2020
Georgia,15669,409,587,11,15051,1522,57,67939,"6,598",04-16-2020
Connecticut,14755,,868, ,13822,4120,242,50143,"14,001",04-16-2020
Washington,10910,,567, ,8865,1496,78,122854,"16,842",04-16-2020
Maryland,10784,752,392,43,9656,1796,65,58843,"9,802",04-16-2020
Indiana,9542,587,477,41,9051,1438,72,51115,"7,701",04-16-2020
Ohio,8414,623,389,28,7905,723,33,74840,"6,429",04-16-2020
Colorado,8280,,357, ,7425,1497,65,40533,"7,328",04-16-2020
Virginia,6889,389,208,13,5730,819,25,46444,"5,520",04-16-2020
Tennessee,6079,,135, ,3748,914,20,80896,"12,163",04-16-2020
North Carolina,5553,172,139,7,4531,547,14,70917,"6,983",04-16-2020
Missouri,4895,,159, ,4552,804,26,48803,"8,014",04-16-2020
US Military,4766,,17, ,4011,,,,,04-16-2020
Alabama,4317,76,129,6,4168,887,27,36363,"7,475",04-16-2020
Arizona,4234,272,150,8,4014,609,22,47398,"6,823",04-16-2020
Rhode Island,3838,309,105,18,3723,3632,99,28064,"26,560",04-16-2020
Wisconsin,3721,,182, ,3452,644,31,43047,"7,450",04-16-2020
South Carolina,3656,,107, ,3549,738,22,34733,"7,008",04-16-2020
Mississippi,3624,264,129,7,3495,1213,43,37733,"12,625",04-16-2020
Nevada,3321,110,137,1,2015,1136,47,34504,"11,805",04-16-2020
Utah,2542,,20, ,2304,835,7,47614,"15,635",04-16-2020
Oklahoma,2357,94,131,8,1071,602,33,30795,"7,860",04-16-2020
District Of Columbia,2350,153,81,9,1717,3433,118,12150,"17,750",04-16-2020
Kentucky,2291,,122, ,1863,516,27,28324,"6,379",04-16-2020
Iowa,2141,146,60,7,1340,683,19,20675,"6,600",04-16-2020
Delaware,2014,,46, ,1614,2121,48,13102,"13,799",04-16-2020
Minnesota,1912,103,94,7,798,346,17,41675,"7,540",04-16-2020
Oregon,1663,,58, ,1605,407,14,33351,"8,170",04-16-2020
Arkansas,1599,,34, ,1056,535,11,22289,"7,453",04-16-2020
Kansas,1588,94,80,4,1268,546,28,16122,"5,543",04-16-2020
Idaho,1587,,41, ,1522,940,24,15398,"9,123",04-16-2020
New Mexico,1484,,36, ,1153,709,17,33394,"15,959",04-16-2020
South Dakota,1311,143,7,1,931,1517,8,9859,"11,407",04-16-2020
New Hampshire,1139,,32, ,742,848,24,12166,"9,055",04-16-2020
Puerto Rico,1043,69,56,5,983,308,17,9829,"2,902",04-16-2020
Nebraska,952,,21, ,909,500,11,12324,"6,470",04-16-2020
Navajo Nation,838,,33, ,805,,,,,04-16-2020
Maine,796,26,27,3,436,597,20,14872,"11,158",04-16-2020
Vermont,768,9,35,5,733,1229,56,11507,"18,412",04-16-2020
West Virginia,723,5,12, ,564,395,7,18027,"9,856",04-16-2020
Hawaii,530,,9, ,162,373,6,20812,"14,635",04-16-2020
Montana,415,11,7, ,190,398,7,9936,"9,538",04-16-2020
North Dakota,393,28,9, ,221,522,12,11704,"15,560",04-16-2020
Alaska,293,,9, ,178,397,12,8483,"11,487",04-16-2020
Wyoming,288,,2, ,110,495,3,6129,"10,534",04-16-2020
Guam,135,,5, ,57,,,605,,04-16-2020
Grand Princess Ship,103,,3, ,100,,,,,04-16-2020
United States Virgin Islands,51,,1, ,4,,,417,,04-16-2020
Diamond Princess Ship,46,,, ,46,,,46,,04-16-2020
Northern Mariana Islands,13,,2, ,11,,,45,,04-16-2020
Wuhan Repatriated,3,,, ,3,,,3,,04-16-2020
New York,226198,,16736,630,185575,11530,853,550579,"28,064",04-17-2020
New Jersey,78467,3150,3840,322,73356,8835,432,154010,"17,340",04-17-2020
Massachusetts,32181,,1245, ,22818,4712,182,140773,"20,610",04-17-2020
Pennsylvania,29441,1706,837, ,27954,2302,65,141470,"11,060",04-17-2020
Michigan,29263,,2093, ,26727,2939,210,97093,"9,751",04-17-2020
California,28156,522,973,22,25833,719,25,227600,"5,814",04-17-2020
Illinois,25733,,1072, ,24611,2007,84,122589,"9,561",04-17-2020
Florida,24119,779,686,18,22747,1171,33,236503,"11,482",04-17-2020
Louisiana,23118,586,1213,57,21855,4957,260,131987,"28,301",04-17-2020
Texas,17371,733,428,24,13266,623,15,158547,"5,686",04-17-2020
Georgia,17194,826,650,33,16513,1670,63,71684,"6,961",04-17-2020
Connecticut,15884,,971, ,14848,4435,271,53122,"14,832",04-17-2020
Maryland,11572,788,425,33,10411,1928,71,62009,"10,329",04-17-2020
Washington,11152,118,583,2,8854,1529,80,128900,"17,671",04-17-2020
Indiana,10154,612,519,42,9621,1530,78,54785,"8,254",04-17-2020
Ohio,9107,693,418,29,8569,782,36,74840,"6,429",04-17-2020
Colorado,8675,,374, ,7803,1568,68,41830,"7,563",04-17-2020
Virginia,7491,602,231,23,6150,890,27,48997,"5,823",04-17-2020
Tennessee,6262,,141, ,3925,941,21,85049,"12,787",04-17-2020
North Carolina,5968,360,166,18,4919,588,16,72981,"7,186",04-17-2020
Missouri,5178,,168, ,4826,850,28,51545,"8,464",04-17-2020
US Military,4766,,17, ,4011,,,,,04-17-2020
Arizona,4507,273,169,19,4268,649,24,47398,"6,823",04-17-2020
Alabama,4456,52,142,5,4294,916,29,37848,"7,780",04-17-2020
Rhode Island,4177,339,118,13,4049,3953,112,30761,"29,113",04-17-2020
South Carolina,3931,,109, ,3822,793,22,36284,"7,321",04-17-2020
Wisconsin,3875,,197, ,3591,671,34,44849,"7,761",04-17-2020
Mississippi,3624,,129, ,3495,1213,43,37733,"12,625",04-17-2020
Nevada,3524,203,142, ,2213,1206,49,35955,"12,301",04-17-2020
Utah,2683,,21, ,2444,881,7,49678,"16,313",04-17-2020
District Of Columbia,2476,126,86,5,1817,3617,126,12643,"18,470",04-17-2020
Oklahoma,2465,108,136,5,1174,629,35,30795,"7,860",04-17-2020
Kentucky,2429,,129, ,1994,547,29,29747,"6,699",04-17-2020
Iowa,2332,191,64,4,1261,744,20,21792,"6,957",04-17-2020
Delaware,2075,,52, ,1645,2185,55,13350,"14,060",04-17-2020
Minnesota,2071,159,111,17,894,375,20,43053,"7,789",04-17-2020
Oregon,1736,,64, ,1672,425,16,33351,"8,170",04-17-2020
Arkansas,1620,,37, ,1035,542,12,22675,"7,582",04-17-2020
Idaho,1609,,41, ,1540,953,24,16183,"9,588",04-17-2020
Kansas,1603,,80, ,1283,551,28,16122,"5,543",04-17-2020
New Mexico,1597,,44, ,1258,763,21,34488,"16,482",04-17-2020
South Dakota,1311,,7, ,931,1517,8,9859,"11,407",04-17-2020
New Hampshire,1211,,34, ,722,901,25,12632,"9,401",04-17-2020
Puerto Rico,1068,25,58,2,1006,315,17,10410,"3,074",04-17-2020
Nebraska,1066,,24, ,1020,560,13,13173,"6,916",04-17-2020
Navajo Nation,921,,38, ,883,,,,,04-17-2020
Maine,827,31,29,2,446,620,22,14872,"11,158",04-17-2020
Vermont,779,11,35, ,744,1246,56,12116,"19,386",04-17-2020
West Virginia,754,15,13, ,594,412,7,18306,"10,008",04-17-2020
Hawaii,541,,9, ,158,380,6,21985,"15,460",04-17-2020
North Dakota,439,46,9, ,258,584,12,12342,"16,408",04-17-2020
Montana,422,7,8,1,181,405,8,10244,"9,834",04-17-2020
 Wyoming,401,,2, ,223,689,3,6129,"10,534",04-17-2020
Alaska,300,,9, ,181,406,12,8735,"11,828",04-17-2020
Guam,135,,5, ,57,,,605,,04-17-2020
Grand Princess Ship,103,,3, ,100,,,,,04-17-2020
United States Virgin Islands,51,,2,1,3,,,458,,04-17-2020
 Diamond Princess Ship,46,,, ,46,,,46,,04-17-2020
Northern Mariana Islands,13,,2, ,11,,,45,,04-17-2020
Wuhan Repatriated,3,,, ,3,,,3,,04-17-2020
New York,241041,7090,17671,540,199483,12286,901,596532,"30,407",04-18-2020
New Jersey,81420,2953,4070,230,76079,9167,458,164278,"18,496",04-18-2020
Massachusetts,34402,,1404, ,24880,5037,206,148744,"21,777",04-18-2020
Pennsylvania,31069,1148,957, ,29462,2429,75,153965,"12,037",04-18-2020
Michigan,30023,,2227, ,27353,3015,224,102366,"10,280",04-18-2020
California,29580,405,1057,16,27173,756,27,246400,"6,294",04-18-2020
Illinois,27575,,1134, ,26391,2151,88,130163,"10,152",04-18-2020
Florida,25269,516,740,14,23843,1227,36,248412,"12,060",04-18-2020
Louisiana,23580,462,1267,54,22263,5056,272,137999,"29,591",04-18-2020
Texas,18260,500,453,14,13617,655,16,176239,"6,320",04-18-2020
Georgia,17669,237,673,5,16965,1716,65,74208,"7,206",04-18-2020
Connecticut,16809,,1036, ,15708,4693,289,55462,"15,486",04-18-2020
Maryland,12308,736,463,38,11074,2050,77,65370,"10,889",04-18-2020
Washington,11445,286,603,4,9127,1569,83,131627,"18,045",04-18-2020
Indiana,10641,487,545,26,10082,1603,82,56873,"8,569",04-18-2020
Ohio,10222,1115,451,33,9651,878,39,77677,"6,672",04-18-2020
Colorado,9047,,391, ,8158,1636,71,43307,"7,830",04-18-2020
Virginia,8053,562,258,27,6685,957,31,51931,"6,172",04-18-2020
Tennessee,6589,,142, ,3430,991,21,87273,"13,122",04-18-2020
North Carolina,6310,279,173,1,5254,621,17,76211,"7,504",04-18-2020
Missouri,5283,,182, ,4917,867,30,53525,"8,789",04-18-2020
US Military,4849,,19, ,3771,,,,,04-18-2020
Arizona,4719,212,177,8,4472,679,25,51045,"7,348",04-18-2020
Alabama,4572,,154,3,4398,940,32,42538,"8,744",04-18-2020
Rhode Island,4491,314,137,19,4344,4250,130,32826,"31,067",04-18-2020
South Carolina,4086,,116, ,1232,824,23,37640,"7,595",04-18-2020
Wisconsin,4045,,205, ,3753,700,35,46410,"8,032",04-18-2020
Mississippi,3974,181,152,12,3822,1330,51,37733,"12,625",04-18-2020
Nevada,3626,102,151,9,2306,1241,52,35955,"12,301",04-18-2020
Utah,2805,,23, ,2339,921,8,55771,"18,313",04-18-2020
District Of Columbia,2666,190,91,5,1967,3895,133,13268,"19,384",04-18-2020
Oklahoma,2570,105,139,3,1276,656,35,30795,"7,860",04-18-2020
Kentucky,2522,,137, ,2079,568,31,30596,"6,891",04-18-2020
Iowa,2513,181,74,10,1432,802,24,22947,"7,325",04-18-2020
Delaware,2323,,61, ,1839,2447,64,14017,"14,763",04-18-2020
Minnesota,2213,142,121,10,974,400,22,44368,"8,027",04-18-2020
Oregon,1785,,70, ,1715,437,17,36321,"8,898",04-18-2020
Arkansas,1739,39,38,1,998,581,13,24141,"8,072",04-18-2020
New Mexico,1711,,51, ,1365,818,24,35613,"17,020",04-18-2020
Kansas,1705,,84, ,1381,586,29,16901,"5,810",04-18-2020
Idaho,1655,,43, ,1159,981,25,16183,"9,588",04-18-2020
South Dakota,1542,131,7, ,983,1784,8,11660,"13,491",04-18-2020
New Hampshire,1287,,37, ,782,958,28,12852,"9,565",04-18-2020
Nebraska,1138,,24, ,1092,597,13,13753,"7,220",04-18-2020
Puerto Rico,1118,50,60,2,1054,330,18,10933,"3,228",04-18-2020
Navajo Nation,1042,,41, ,1001,,,,,04-18-2020
Maine,827,,29, ,446,620,22,14872,"11,158",04-18-2020
Vermont,803,24,38,3,765,1285,61,12566,"20,106",04-18-2020
West Virginia,785,10,16, ,544,429,9,19440,"10,628",04-18-2020
Hawaii,553,,9, ,154,389,6,21985,"15,460",04-18-2020
North Dakota,528,89,9, ,336,702,12,12963,"17,233",04-18-2020
Montana,426,4,10,2,173,409,10,10569,"10,146",04-18-2020
Wyoming,412,,2, ,204,708,3,7280,"12,512",04-18-2020
Alaska,314,5,9, ,158,425,12,9655,"13,074",04-18-2020
Guam,136,1,5, ,21,,,605,,04-18-2020
Grand Princess Ship,103,,3, ,100,,,,,04-18-2020
United States Virgin Islands,53,2,3,1,4,,,458,,04-18-2020
Diamond Princess Ship,46,,, ,46,,,46,,04-18-2020
Northern Mariana Islands,13,,2, ,11,,,45,,04-18-2020
Wuhan Repatriated,3,,, ,3,,,3,,04-18-2020
New York,247215,,18776,478,204552,12601,957,617555,"31,478",04-20-2020
New Jersey,85301,,4202, ,79828,9604,473,172543,"19,426",04-20-2020
Massachusetts,38077,,1706, ,28253,5575,250,162241,"23,754",04-20-2020
Pennsylvania,33232,498,1238,1,31344,2598,97,162952,"12,739",04-20-2020
California,31675,245,1178,3,29147,809,30,280900,"7,175",04-20-2020
Michigan,31424,,2391, ,25796,3156,240,113800,"11,429",04-20-2020
Illinois,30357,,1290, ,28461,2368,101,143318,"11,178",04-20-2020
Florida,26660,346,789,15,25185,1294,38,267957,"13,009",04-20-2020
Louisiana,24523,595,1328,32,23145,5258,285,141561,"30,354",04-20-2020
Texas,19458,141,499, ,14153,698,18,190394,"6,828",04-20-2020
Georgia,18947,790,733,52,18183,1840,71,84328,"8,189",04-20-2020
Connecticut,17962,,1127, ,16770,5015,315,59759,"16,685",04-20-2020
Maryland,13684,854,582,96,12185,2279,97,71397,"11,893",04-20-2020
Washington,11790,,634, ,9378,1616,87,135706,"18,604",04-20-2020
Indiana,11686,476,569,7,11103,1761,86,64639,"9,739",04-20-2020
Ohio,11602,,471, ,11011,997,40,86989,"7,472",04-20-2020
Colorado,9730,,422, ,8810,1759,76,46195,"8,352",04-20-2020
Virginia,8990,453,300,23,7366,1068,36,56735,"6,743",04-20-2020
Tennessee,7070,,148, ,3688,1063,22,97098,"14,599",04-20-2020
North Carolina,6840,251,199,7,5758,674,20,79484,"7,827",04-20-2020
Missouri,5698,,198, ,5316,936,33,53909,"8,852",04-20-2020
Rhode Island,5090,384,155,5,4925,4817,147,37080,"35,093",04-20-2020
Arizona,5064,135,187,3,4807,729,27,54500,"7,845",04-20-2020
Alabama,4999,96,165,5,4814,1028,34,45712,"9,397",04-20-2020
US Military,4849,,19, ,3771,,,,,04-20-2020
Mississippi,4512,238,169,10,4343,1510,57,39065,"13,071",04-20-2020
South Carolina,4377,,120, ,1519,883,24,40480,"8,168",04-20-2020
Wisconsin,4346,,220, ,3932,752,38,49669,"8,596",04-20-2020
Nevada,3830,105,158,3,2503,1310,54,39528,"13,524",04-20-2020
Iowa,3159,257,79,4,1845,1008,25,25820,"8,243",04-20-2020
Utah,3069,,27, ,2363,1008,9,63555,"20,870",04-20-2020
Kentucky,2960,,148, ,1690,667,33,32319,"7,279",04-20-2020
District Of Columbia,2927,134,105,9,2192,4276,153,14113,"20,618",04-20-2020
Delaware,2745,207,72,5,2178,2891,76,16470,"17,346",04-20-2020
Oklahoma,2680,81,143,3,1003,684,36,35536,"9,070",04-20-2020
Minnesota,2470,114,143,9,1167,447,26,46850,"8,476",04-20-2020
Oregon,1910,,74, ,1836,468,18,39038,"9,564",04-20-2020
Arkansas,1853,72,41,2,1074,620,14,26483,"8,855",04-20-2020
Kansas,1849,,92, ,1317,636,32,18130,"6,233",04-20-2020
New Mexico,1845,,55, ,1303,882,26,37042,"17,703",04-20-2020
Idaho,1672,,45, ,1042,991,27,17445,"10,336",04-20-2020
South Dakota,1635,,7, ,982,1892,8,12062,"13,956",04-20-2020
Nebraska,1474,,28, ,1424,774,15,15756,"8,272",04-20-2020
New Hampshire,1392,,41, ,830,1036,31,14118,"10,507",04-20-2020
Puerto Rico,1252,39,63,1,1185,370,19,11633,"3,435",04-20-2020
Navajo Nation,1197,,44, ,1153,,,,,04-20-2020
West Virginia ,902,12,24,4,653,493,13,22155,"12,113",04-20-2020
Maine,875,8,35,1,426,657,26,14943,"11,212",04-20-2020
Vermont,816,4,38, ,778,1306,61,12981,"20,770",04-20-2020
Federal Prisons,804,,22, ,598,,,,,04-20-2020
North Dakota,627,42,13,3,425,834,17,14747,"19,605",04-20-2020
Hawaii,580,,10, ,156,408,7,24452,"17,195",04-20-2020
Montana,433,,10, ,180,416,10,11051,"10,608",04-20-2020
Wyoming,426,,2, ,191,732,3,7280,"12,512",04-20-2020
Alaska,319,,9, ,157,432,12,9895,"13,398",04-20-2020
Guam,136,,5, ,21,,,605,,04-20-2020
Grand Princess Ship,103,,3, ,100,,,,,04-20-2020
United States Virgin Islands,53,,3, ,2,,,625,,04-20-2020
Northern Mariana Islands,14,1,2, ,3,,,45,,04-20-2020
Wuhan Repatriated,3,,, ,3,,,3,,04-20-2020
New York,256272,4178,19410,481,212975,13063,989,649325,"33,098",04-21-2020
New Jersey,88806,,4377, ,83158,9999,493,179682,"20,230",04-21-2020
Massachusetts,39643,,1809, ,29716,5804,265,169398,"24,801",04-21-2020
Pennsylvania,34528,614,1564,216,32314,2699,122,166851,"13,044",04-21-2020
California,33897,211,1227,4,29333,866,31,280900,"7,175",04-21-2020
Michigan,32000,,2468, ,26295,3214,248,118265,"11,877",04-21-2020
Illinois,31508,,1349, ,29553,2457,105,148358,"11,571",04-21-2020
Florida,27495,437,839,16,25970,1335,41,278888,"13,539",04-21-2020
Louisiana,24854,331,1405,77,23399,5329,301,141835,"30,413",04-21-2020
Texas,20196,374,517,12,14873,724,19,205399,"7,366",04-21-2020
Georgia,19881,482,799,24,19051,1931,78,88140,"8,559",04-21-2020
Connecticut,19815,,1331, ,18419,5533,372,62806,"17,536",04-21-2020
Maryland,14193,509,652,70,12611,2364,109,73635,"12,265",04-21-2020
Ohio,12919,,509, ,12290,1110,44,90839,"7,803",04-21-2020
Indiana,12097,411,630,61,11453,1823,95,67264,"10,134",04-21-2020
Washington,12085,,652, ,9651,1657,89,141011,"19,332",04-21-2020
Colorado,10106,,449, ,9159,1827,81,47466,"8,582",04-21-2020
Virginia,9630,640,324,24,7982,1145,39,58354,"6,936",04-21-2020
Tennessee,7238,,152, ,3852,1088,23,100689,"15,139",04-21-2020
North Carolina,7089,222,233,23,5973,698,23,83331,"8,205",04-21-2020
Missouri,5831,,205, ,5079,957,34,56986,"9,357",04-21-2020
US Military,5575,240,22, ,4070,,,,,04-21-2020
Rhode Island,5500,410,171,16,5036,5205,162,39333,"37,226",04-21-2020
Arizona,5251,187,208,21,4973,756,30,55152,"7,939",04-21-2020
Alabama,5156,78,176,12,4960,1060,36,48387,"9,947",04-21-2020
Mississippi,4716,204,183,14,4533,1578,61,52364,"17,520",04-21-2020
Wisconsin,4499,,230, ,4075,779,40,51102,"8,844",04-21-2020
South Carolina,4439,,124, ,1577,896,25,40480,"8,168",04-21-2020
Nevada,3937,107,163,5,2605,1347,56,40464,"13,844",04-21-2020
Iowa,3641,482,83,4,2265,1162,26,27615,"8,816",04-21-2020
Utah,3213,,28, ,2506,1055,9,68311,"22,431",04-21-2020
District Of Columbia,3098,171,112,7,2350,4526,164,14939,"21,825",04-21-2020
Kentucky,3050,,154, ,1774,687,35,32820,"7,392",04-21-2020
Delaware,2931,186,82,10,2284,3087,86,16656,"17,542",04-21-2020
Oklahoma,2807,127,164,21,941,716,42,35536,"9,070",04-21-2020
Minnesota,2567,97,160,17,1153,464,29,47697,"8,629",04-21-2020
Kansas,2025,39,107,7,1478,696,37,18761,"6,450",04-21-2020
Arkansas,1990,19,42, ,1149,665,14,27204,"9,096",04-21-2020
New Mexico,1971,,58, ,1426,942,28,38755,"18,521",04-21-2020
Oregon,1956,,75, ,1881,479,18,40045,"9,810",04-21-2020
Idaho ,1736,,48, ,1028,1029,28,17445,"10,336",04-21-2020
South Dakota,1685,,7, ,969,1950,8,12062,"13,956",04-21-2020
Nebraska,1648,,33, ,1593,865,17,16478,"8,651",04-21-2020
New Hampshire,1447,,42, ,884,1077,31,14295,"10,639",04-21-2020
Puerto Rico,1252,,63, ,1185,370,19,11633,"3,435",04-21-2020
Navajo Nation,1197,,44, ,1153,,,,,04-21-2020
West Virginia,914,12,26,2,663,500,14,22357,"12,223",04-21-2020
Maine,888,13,36,1,409,666,27,14943,"11,212",04-21-2020
Vermont,818,2,40,2,778,1309,64,13111,"20,978",04-21-2020
Federal Prisons,816,12,22, ,556,,,,,04-21-2020
North Dakota,644,17,13, ,417,856,17,14987,"19,924",04-21-2020
Hawaii,584,,10, ,151,411,7,24452,"17,195",04-21-2020
Montana,437,4,12,2,152,419,12,11241,"10,791",04-21-2020
Wyoming,428,,2, ,189,736,3,7386,"12,694",04-21-2020
Alaska,321,,9, ,151,435,12,10124,"13,709",04-21-2020
Guam,136,,5, ,21,,,605,,04-21-2020
Grand Princess Ship,103,,3, ,100,,,,,04-21-2020
United States Virgin Islands,53,,3, ,2,,,625,,04-21-2020
Northern Mariana Islands,14,,2, ,3,,,45,,04-21-2020
Wuhan Repatriated,3,,, ,3,,,3,,04-21-2020
New York,262081,5526,20167,474,212321,13359,"1,028",669982,"34,151",04-22-2020
New Jersey,92387,,4753, ,86363,10402,535,185914,"20,932",04-22-2020
Massachusetts,41199,,1961, ,31120,6032,287,175372,"25,676",04-22-2020
California,35881,238,1332,34,31212,917,34,300100,"7,666",04-22-2020
Pennsylvania,35293,,1614, ,33029,2759,126,171956,"13,443",04-22-2020
Illinois,33059,,1468, ,30985,2578,114,154997,"12,089",04-22-2020
Michigan,32967,,2700, ,26995,3311,271,121298,"12,182",04-22-2020
Florida,28309,440,893,26,26730,1374,43,284206,"13,798",04-22-2020
Louisiana,25258,404,1473,68,23735,5416,316,141672,"30,378",04-22-2020
Texas,21069,473,543,15,15720,756,19,205399,"7,366",04-22-2020
Georgia,20740,574,836,18,19873,2014,81,94072,"9,135",04-22-2020
Connecticut,20360,,1423, ,18872,5685,397,64192,"17,923",04-22-2020
Maryland,14775,582,698,46,13096,2461,116,76529,"12,748",04-22-2020
Ohio,13725,,557, ,13048,1179,48,94239,"8,095",04-22-2020
Indiana,12438,341,661,31,11763,1874,100,69470,"10,466",04-22-2020
Washington,12282,,682, ,9818,1684,93,145031,"19,883",04-22-2020
Colorado,10447,,486, ,9402,1889,88,48704,"8,805",04-22-2020
Virginia,9630,,324, ,7982,1145,39,58354,"6,936",04-22-2020
Tennessee,7394,,157, ,3409,1112,24,108182,"16,265",04-22-2020
North Carolina,7333,220,261,20,6189,722,26,90336,"8,895",04-22-2020
Missouri,6040,99,224,4,5269,992,37,57960,"9,517",04-22-2020
 Rhode Island,5841,341,181,10,5367,5528,171,41722,"39,487",04-22-2020
US Military,5575,,22, ,4070,,,,,04-22-2020
Alabama,5445,118,193,7,5232,1119,40,48387,"9,947",04-22-2020
Arizona,5251,,208, ,4973,756,30,55152,"7,939",04-22-2020
Mississippi,4716,,183, ,4533,1578,61,52364,"17,520",04-22-2020
Wisconsin,4620,,242, ,4184,800,42,52461,"9,079",04-22-2020
South Carolina,4608,,135, ,1735,930,27,42441,"8,564",04-22-2020
Nevada,4081,144,172,9,2068,1396,59,41534,"14,210",04-22-2020
Iowa,3748,107,90,7,2230,1196,29,28244,"9,016",04-22-2020
Utah,3296,,32, ,2376,1082,11,72358,"23,760",04-22-2020
District Of Columbia,3206,108,127,15,2434,4684,186,15502,"22,647",04-22-2020
Delaware,3200,269,89,7,2512,3370,94,16553,"17,433",04-22-2020
Kentucky,3192,,171, ,1899,719,39,33328,"7,506",04-22-2020
Oklahoma,2894,87,170,6,952,739,43,44489,"11,355",04-22-2020
Minnesota,2721,154,179,19,1225,492,32,49344,"8,927",04-22-2020
Arkansas,2262,272,43,1,1370,756,14,29057,"9,716",04-22-2020
Kansas,2210,,109, ,1598,760,37,19101,"6,567",04-22-2020
New Mexico,2072,,65, ,1478,990,31,40877,"19,536",04-22-2020
Oregon,2002,,78, ,1924,490,19,40045,"9,810",04-22-2020
Idaho,1766,,51, ,1005,1046,30,17730,"10,505",04-22-2020
South Dakota,1755,,8, ,923,2031,9,12815,"14,827",04-22-2020
Nebraska,1722,9,38,5,1662,904,20,16813,"8,827",04-22-2020
New Hampshire,1491,,42, ,903,1110,31,15041,"11,194",04-22-2020
Puerto Rico,1378,80,67,3,1307,407,20,11633,"3,435",04-22-2020
Navajo Nation,1321,,45, ,1276,,,,,04-22-2020
West Virginia,929,,26, ,678,508,14,25435,"13,906",04-22-2020
Maine,907,19,39,3,413,681,29,14943,"11,212",04-22-2020
Federal Prisons,863,,23, ,571,,,,,04-22-2020
Vermont,823,5,40, ,783,1317,64,13462,"21,540",04-22-2020
North Dakota,679,35,14,1,436,903,19,15589,"20,725",04-22-2020
Hawaii ,586,,12, ,137,412,8,25579,"17,988",04-22-2020
Wyoming,441,,6, ,181,758,10,7623,"13,102",04-22-2020
Montana,439,2,14,2,129,421,13,11583,"11,119",04-22-2020
Alaska,329,,9, ,152,445,12,11119,"15,056",04-22-2020
Guam,136,,5, ,21,,,605,,04-22-2020
Grand Princess Ship,103,,3, ,100,,,,,04-22-2020
United States Virgin Islands,54,1,3, ,3,,,688,,04-22-2020
Northern Mariana Islands,14,,2, ,3,,,45,,04-22-2020
Wuhan Repatriated,3,,, ,3,,,3,,04-22-2020
New York,268512,6244,20792,438,218127,13687,"1,060",695920,"35,473",04-23-2020
New Jersey,99989,4124,5368,305,93350,11258,604,199686,"22,482",04-23-2020
Massachusetts,42944,,2182, ,32644,6287,319,180462,"26,421",04-23-2020
California,37787,444,1438,19,33012,965,37,300100,"7,666",04-23-2020
Pennsylvania,36892,,1713, ,34529,2884,134,171956,"13,443",04-23-2020
Illinois,35108,,1565, ,32937,2738,122,164436,"12,825",04-23-2020
Michigan,33966,,2813, ,27881,3411,283,121298,"12,182",04-23-2020
Florida,28832,256,960,33,27186,1400,47,298587,"14,496",04-23-2020
Louisiana,25739,481,1599,126,24090,5519,343,141858,"30,418",04-23-2020
Connecticut,22469,,1544, ,20860,6274,431,69918,"19,522",04-23-2020
Texas,21944,486,561,11,16577,787,20,225078,"8,072",04-23-2020
Georgia,21512,410,872,26,20609,2089,85,101062,"9,814",04-23-2020
Maryland,15737,962,748,50,13949,2621,125,80100,"13,342",04-23-2020
Ohio,14117,,610, ,13387,1213,52,97998,"8,418",04-23-2020
Indiana,13039,601,706,45,12319,1964,106,72040,"10,854",04-23-2020
Washington,12494,,692, ,10020,1713,95,147953,"20,283",04-23-2020
Virginia,10998,732,372,23,9302,1307,44,64518,"7,668",04-23-2020
Colorado,10878,,508, ,9811,1967,92,50645,"9,156",04-23-2020
Tennessee,7842,,166, ,3664,1179,25,114980,"17,287",04-23-2020
North Carolina,7759,271,275,10,6601,764,27,96185,"9,471",04-23-2020
Rhode Island,6256,415,189,8,5725,5921,179,44419,"42,039",04-23-2020
Missouri,6188,,232, ,5409,1016,38,59266,"9,732",04-23-2020
Arizona,5769,310,249,20,5450,830,36,58697,"8,450",04-23-2020
Alabama,5743,151,201,4,5522,1181,41,48387,"9,947",04-23-2020
US Military,5734,,25, ,4114,,,,,04-23-2020
Mississippi,5153,259,201,8,4952,1724,67,55389,"18,532",04-23-2020
Wisconsin,4845,,246, ,4405,838,43,54347,"9,405",04-23-2020
South Carolina,4761,,140, ,1883,961,28,43111,"8,699",04-23-2020
Nevada,4208,127,189,17,2178,1440,65,42709,"14,612",04-23-2020
Iowa,3924,176,96,6,2336,1253,31,29262,"9,341",04-23-2020
Utah,3445,,34, ,2523,1131,11,76460,"25,107",04-23-2020
Kentucky,3373,,185, ,2066,760,42,36075,"8,125",04-23-2020
District Of Columbia,3361,155,139,12,2574,4910,203,15930,"23,273",04-23-2020
Delaware,3308,108,92,3,2573,3484,97,16912,"17,812",04-23-2020
Oklahoma,3017,123,179,9,954,770,46,47984,"12,247",04-23-2020
Minnesota,2942,221,200,21,1206,532,36,51548,"9,326",04-23-2020
Kansas,2443,126,112,1,1828,840,39,20435,"7,025",04-23-2020
Arkansas,2438,46,44, ,1496,815,15,31563,"10,554",04-23-2020
New Mexico,2210,,71, ,1592,1056,34,41232,"19,705",04-23-2020
Oregon,2059,,78, ,1981,504,19,40045,"9,810",04-23-2020
South Dakota,1956,98,9, ,883,2263,10,14065,"16,273",04-23-2020
Nebraska,1813,,45,3,1746,952,24,17394,"9,132",04-23-2020
Idaho,1802,,54, ,981,1068,32,18092,"10,719",04-23-2020
New Hampshire,1588,,48, ,990,1182,36,16012,"11,917",04-23-2020
Puerto Rico,1416,38,69,2,1343,418,20,11633,"3,435",04-23-2020
Navajo Nation,1321,,48, ,1273,,,,,04-23-2020
West Virginia,963,,29, ,709,527,16,27905,"15,257",04-23-2020
Maine,937,30,44,5,408,703,33,17721,"13,296",04-23-2020
Federal Prisons,908,,24, ,584,,,,,04-23-2020
Vermont,825,2,43,3,782,1320,69,13852,"22,164",04-23-2020
North Dakota,709,30,15,1,425,943,20,16330,"21,710",04-23-2020
Hawaii,592,,12, ,136,416,8,26362,"18,538",04-23-2020
Wyoming,447,,6, ,166,768,10,7623,"13,102",04-23-2020
Montana,442,3,14, ,122,424,13,11875,"11,399",04-23-2020
Alaska,335,,9, ,130,454,12,11119,"15,056",04-23-2020
Guam,139,2,5, ,15,,,605,,04-23-2020
Grand Princess Ship,103,,3, ,100,,,,,04-23-2020
United States Virgin Islands,54,,3, ,3,,,688,,04-23-2020
Northern Mariana Islands,14,,2, ,1,,,45,,04-23-2020
Wuhan Repatriated,3,,, ,3,,,3,,04-23-2020
New York,276711,8130,21283,422,225835,14105,"1,085",730656,"37,243",04-24-2020
New Jersey,100025,,5428, ,93326,11262,611,199686,"22,482",04-24-2020
Massachusetts,46023,,2360, ,35545,6738,346,195076,"28,561",04-24-2020
California,39682,394,1534,11,34811,1014,39,482097,"12,314",04-24-2020
Pennsylvania,38652,1599,1685, ,36317,3022,132,186143,"14,552",04-24-2020
Illinois,36934,,1688, ,34640,2881,132,173316,"13,518",04-24-2020
Michigan,35291,,2977, ,29042,3544,299,132175,"13,274",04-24-2020
Florida,30174,526,1012,25,28476,1465,49,318827,"15,478",04-24-2020
Louisiana,26140,401,1601,2,24489,5605,343,142056,"30,460",04-24-2020
Connecticut,23100,,1639, ,21396,6450,458,71497,"19,963",04-24-2020
Texas,22806,413,593,17,14188,818,21,242547,"8,698",04-24-2020
Georgia,22147,264,892,11,21224,2151,87,107176,"10,408",04-24-2020
Maryland,16616,879,798,50,14710,2768,133,84716,"14,111",04-24-2020
Ohio,14694,,656, ,13918,1262,56,102325,"8,789",04-24-2020
Indiana,13680,641,741,35,12925,2061,112,75553,"11,383",04-24-2020
Washington,12753,,711, ,10260,1748,97,153376,"21,027",04-24-2020
Virginia,11594,596,410,38,9512,1378,49,69015,"8,203",04-24-2020
Colorado,11262,,552, ,10151,2036,100,52324,"9,460",04-24-2020
Tennessee,8266,,170, ,3903,1243,26,123100,"18,508",04-24-2020
North Carolina,8136,282,284,3,6550,801,28,100584,"9,904",04-24-2020
Rhode Island,6699,443,202,13,6155,6340,191,47257,"44,725",04-24-2020
Missouri,6424,40,252,9,5625,1055,41,64903,"10,657",04-24-2020
Veteran Affairs,6363,125,400,9,5963,,,78124,,04-24-2020
US Military,6213,312,26,1,4240,,,,,04-24-2020
Alabama,5832,,201, ,5611,1199,41,52641,"10,821",04-24-2020
Arizona,5769,,249, ,5450,830,36,58697,"8,450",04-24-2020
Mississippi,5434,281,209,8,5225,1818,70,55389,"18,532",04-24-2020
Wisconsin,5052,,257, ,4601,874,44,56508,"9,779",04-24-2020
South Carolina,4917,,150, ,2029,992,30,44463,"8,972",04-24-2020
Iowa,4445,521,107,11,2734,1419,34,31973,"10,207",04-24-2020
Nevada,4208,,189, ,2178,1440,65,42709,"14,612",04-24-2020
Utah,3612,,35, ,2689,1186,11,80627,"26,475",04-24-2020
District Of Columbia,3528,167,153,14,2724,5154,224,16533,"24,153",04-24-2020
Kentucky,3481,,191, ,2168,784,43,42844,"9,649",04-24-2020
Delaware,3442,134,100,8,2639,3625,105,17379,"18,303",04-24-2020
Minnesota,3185,243,221,21,1370,576,40,53787,"9,731",04-24-2020
Oklahoma,3017,,179, ,954,770,46,47984,"12,247",04-24-2020
Kansas,2734,252,113,1,2118,940,39,20435,"7,025",04-24-2020
Arkansas,2606,7,45, ,1632,871,15,35443,"11,851",04-24-2020
New Mexico,2379,,78, ,1728,1137,37,46563,"22,253",04-24-2020
Oregon,2127,,83, ,2044,521,20,43976,"10,773",04-24-2020
Nebraska,2124,,47, ,2055,1115,25,18701,"9,818",04-24-2020
South Dakota,1956,,9, ,883,2263,10,14065,"16,273",04-24-2020
Idaho,1836,,54, ,960,1088,32,19091,"11,311",04-24-2020
New Hampshire,1670,,51, ,1069,1243,38,16809,"12,510",04-24-2020
Puerto Rico,1416,,69, ,956,418,20,11633,"3,435",04-24-2020
Navajo Nation,1360,39,52,3,1308,,,,,04-24-2020
West Virginia,981,,31, ,725,536,17,29116,"15,919",04-24-2020
Federal Prisons,977,,24, ,598,,,,,04-24-2020
Maine,965,28,47,3,419,724,35,17721,"13,296",04-24-2020
Vermont,827,2,44,1,783,1323,70,14310,"22,897",04-24-2020
North Dakota,748,39,15, ,448,994,20,17449,"23,197",04-24-2020
Hawaii,596,,12, ,129,419,8,26362,"18,538",04-24-2020
Wyoming,453,,7, ,171,779,12,7623,"13,102",04-24-2020
Montana,444,2,14, ,105,426,13,12127,"11,641",04-24-2020
Alaska,337,,9, ,119,456,12,11473,"15,535",04-24-2020
Guam,139,,5, ,15,,,605,,04-24-2020
Grand Princess Ship,103,,3, ,100,,,,,04-24-2020
United States Virgin Islands,54,,3, ,1,,,731,,04-24-2020
Northern Mariana Islands,14,,2, ,1,,,45,,04-24-2020
New York,287245,9800,21728,437,234299,14642,"1,108",777568,"39,635",04-25-2020
New Jersey,105523,3327,5863,246,98389,11881,660,213125,"23,996",04-25-2020
Massachusetts,50969,,2556, ,40295,7462,374,215213,"31,509",04-25-2020
California,41382,570,1618,24,36427,1057,41,494173,"12,623",04-25-2020
Pennsylvania ,40149,,1736, ,37763,3139,136,186143,"14,552",04-25-2020
Illinois,39658,,1795, ,37257,3093,140,189632,"14,790",04-25-2020
Michigan,36641,,3085, ,30284,3680,310,140130,"14,073",04-25-2020
Florida,30839,306,1055,9,29098,1497,51,334974,"16,262",04-25-2020
Louisiana,26140,,1660, ,9553,5605,356,142056,"30,460",04-25-2020
Connecticut,23921,,1764, ,22092,6679,493,74038,"20,672",04-25-2020
Texas,23773,603,623,22,15125,853,22,262816,"9,425",04-25-2020
Georgia,22695,204,904,5,21760,2204,88,119014,"11,558",04-25-2020
Maryland,17766,1150,875,77,15726,2959,146,89123,"14,845",04-25-2020
Ohio,15169,,690, ,14359,1303,59,107109,"9,200",04-25-2020
Indiana,14395,715,785,44,13596,2169,118,79774,"12,019",04-25-2020
Washington,13176,,723, ,10646,1806,99,160324,"21,979",04-25-2020
Virginia,12366,772,436,26,10258,1470,52,72178,"8,579",04-25-2020
Colorado,12256,,674, ,11023,2216,122,56789,"10,267",04-25-2020
Tennessee,8726,,168, ,4188,1312,25,131298,"19,741",04-25-2020
North Carolina,8719,469,304,11,7113,859,30,105265,"10,365",04-25-2020
Rhode Island,7129,430,215,13,6572,6747,203,50891,"48,164",04-25-2020
Missouri,6766,72,272,5,5947,1111,45,67017,"11,004",04-25-2020
Veteran Affairs,6528,,400, ,6128,,,83372,,04-25-2020
US Military,6213,,26, ,4240,,,,,04-25-2020
Arizona,6045,,266, ,5709,870,38,60714,"8,740",04-25-2020
Alabama,6032,6,212,3,5800,1240,44,52641,"10,821",04-25-2020
Mississippi,5718,284,221,12,5497,1913,74,58957,"19,726",04-25-2020
Wisconsin,5356,,262, ,2781,927,45,59929,"10,371",04-25-2020
South Carolina,5070,,157, ,1212,1023,32,46996,"9,483",04-25-2020
Nevada,4539,141,204,7,2494,1553,70,45885,"15,699",04-25-2020
Iowa,4445,,107, ,2734,1419,34,31973,"10,207",04-25-2020
Utah,3782,,39, ,2855,1242,13,84697,"27,812",04-25-2020
Kentucky,3779,,200, ,2457,851,45,44962,"10,126",04-25-2020
District Of Columbia,3699,171,165,12,2882,5404,241,17302,"25,277",04-25-2020
Delaware,3576,134,112,12,2655,3766,118,17698,"18,639",04-25-2020
Minnesota,3446,261,244,23,1548,623,44,56597,"10,239",04-25-2020
Oklahoma,3121,,188, ,972,797,48,53012,"13,530",04-25-2020
Kansas,2966,11,119,1,2344,1020,41,23588,"8,109",04-25-2020
Arkansas,2829,19,47, ,1818,946,16,38053,"12,724",04-25-2020
New Mexico,2521,,84, ,1823,1205,40,51510,"24,617",04-25-2020
Nebraska,2421,,50, ,2349,1271,26,20112,"10,559",04-25-2020
Oregon,2177,,86, ,2091,533,21,45492,"11,145",04-25-2020
South Dakota,2040,,10, ,840,2360,12,14824,"17,152",04-25-2020
Idaho,1870,,54, ,949,1108,32,19361,"11,471",04-25-2020
New Hampshire,1720,,53, ,1117,1280,39,17727,"13,193",04-25-2020
Navajo Nation,1360,,52, ,1308,,,,,04-25-2020
Puerto Rico,1307,31,83,6,833,386,25,11633,"3,435",04-25-2020
West Virginia,1010,,32, ,753,552,17,32419,"17,724",04-25-2020
Maine,990,25,50,3,421,743,38,17721,"13,296",04-25-2020
Federal Prisons,977,,24, ,598,,,,,04-25-2020
Vermont,843,16,46,2,797,1349,74,14682,"23,492",04-25-2020
North Dakota,803,55,16,1,477,1068,21,19350,"25,725",04-25-2020
Hawaii,601,,13, ,125,423,9,28272,"19,881",04-25-2020
Wyoming,473,,7, ,145,813,12,7623,"13,102",04-25-2020
Montana,445,1,14, ,92,427,13,12497,"11,996",04-25-2020
Alaska,339,,9, ,121,459,12,11942,"16,170",04-25-2020
Guam,141,,5, ,10,,,605,,04-25-2020
Grand Princess Ship,103,,3, ,100,,,,,04-25-2020
United States Virgin Islands,54,,3, ,1,,,731,,04-25-2020
Northern Mariana Islands,14,,2, ,1,,,45,,04-25-2020
New York,293354,5041,22275,367,239861,14953,"1,135",805350,"41,051",04-26-2020
New Jersey,109038,3515,5938,75,101829,12277,669,223062,"25,114",04-26-2020
Massachusetts,53348,,2730, ,42500,7811,400,226845,"33,212",04-26-2020
California,42688,337,1695,9,37656,1090,43,494173,"12,623",04-26-2020
Illinois,41777,,1874, ,39297,3258,146,201617,"15,725",04-26-2020
Pennsylvania,41697,,1804, ,39243,3260,141,192235,"15,029",04-26-2020
Michigan,37203,,3274, ,25587,3736,329,144044,"14,466",04-26-2020
Florida,31528,689,1074,19,29768,1531,52,346365,"16,815",04-26-2020
Louisiana,26773,261,1729,26,10117,5741,371,142056,"30,460",04-26-2020
Texas,24631,436,648,7,13997,883,23,276021,"9,898",04-26-2020
Connecticut,24582,,1862, ,22655,6864,520,77602,"21,667",04-26-2020
Georgia,23401,185,912,5,22458,2272,89,122604,"11,906",04-26-2020
Maryland,18581,815,910,35,16494,3095,152,96665,"16,102",04-26-2020
Ohio,15587,,711, ,14756,1339,61,111379,"9,567",04-26-2020
Indiana,15012,617,813,28,14185,2262,122,81708,"12,310",04-26-2020
Washington,13319,,738, ,10774,1826,101,170594,"23,387",04-26-2020
Virginia,12970,604,448,12,10707,1542,53,76118,"9,047",04-26-2020
Colorado,12968,,672, ,11737,2345,121,59791,"10,810",04-26-2020
Tennessee,9189,,178, ,4544,1382,27,141406,"21,261",04-26-2020
North Carolina,8946,193,314,9,7330,881,31,107894,"10,624",04-26-2020
Rhode Island,7439,310,226,11,6871,7040,214,53403,"50,542",04-26-2020
Missouri,6881,,283, ,6051,1130,46,67017,"11,004",04-26-2020
Veteran Affairs,6860,168,424,11,6436,,,83372,,04-26-2020
Arizona,6526,246,275,2,6181,939,40,64811,"9,330",04-26-2020
Alabama,6253,40,213, ,6020,1285,44,71344,"14,666",04-26-2020
US Military,6213,,26, ,4240,,,,,04-26-2020
Mississippi,5911,193,227,6,5684,1978,76,60788,"20,339",04-26-2020
Wisconsin,5687,,266, ,3108,984,46,62825,"10,872",04-26-2020
Iowa,5476,384,118,6,3754,1748,38,31973,"10,207",04-26-2020
South Carolina,5253,,166, ,1386,1060,33,49014,"9,890",04-26-2020
Nevada,4539,,206,2,2492,1553,70,45885,"15,699",04-26-2020
Delaware,4034,458,120,8,3003,4249,126,19249,"20,273",04-26-2020
Utah,3948,,41, ,3019,1296,13,90206,"29,621",04-26-2020
Kentucky,3905,,205, ,2578,879,46,46558,"10,486",04-26-2020
District Of Columbia,3841,142,178,13,3006,5611,260,18068,"26,396",04-26-2020
Minnesota,3602,156,272,28,1556,652,49,58987,"10,672",04-26-2020
Oklahoma,3253,60,195,1,919,830,50,53012,"13,530",04-26-2020
Kansas,3135,,120, ,2512,1078,41,25199,"8,663",04-26-2020
Arkansas,2938,29,48, ,1905,982,16,39327,"13,150",04-26-2020
Nebraska,2732,,53, ,2657,1434,28,21377,"11,223",04-26-2020
New Mexico,2660,,93, ,1953,1271,44,51510,"24,617",04-26-2020
Oregon,2253,,87, ,2166,552,21,47377,"11,606",04-26-2020
South Dakota,2212,65,11,1,1011,2559,13,15596,"18,045",04-26-2020
Idaho,1887,,56, ,964,1118,33,19361,"11,471",04-26-2020
New Hampshire,1787,,60, ,1177,1330,45,17727,"13,193",04-26-2020
Navajo Nation,1540,,58, ,1482,,,,,04-26-2020
Puerto Rico,1371,64,84,1,896,405,25,11633,"3,435",04-26-2020
Federal Prisons,1047,,26, ,514,,,,,04-26-2020
West Virginia,1044,19,34,1,785,571,19,39063,"21,357",04-26-2020
Maine,1015,25,50, ,433,762,38,17721,"13,296",04-26-2020
North Dakota,867,64,17,1,524,1153,23,20447,"27,183",04-26-2020
Vermont,851,8,46, ,805,1362,74,14797,"23,676",04-26-2020
Hawaii,604,,14, ,108,425,10,28272,"19,881",04-26-2020
Wyoming,491,18,7, ,163,844,12,7623,"13,102",04-26-2020
Montana,448,3,14, ,95,430,13,12862,"12,347",04-26-2020
Alaska,339,,9, ,113,459,12,15732,"21,302",04-26-2020
Guam,141,,5, ,10,,,605,,04-26-2020
Grand Princess Ship,103,,3, ,100,,,,,04-26-2020
United States Virgin Islands,57,2,4,1,2,,,776,,04-26-2020
Northern Mariana Islands,14,,2, ,1,,,45,,04-26-2020
New York,293991,,22275, ,240498,14985,"1,135",805350,"41,051",04-27-2020
New Jersey,109038,,5938, ,101829,12277,669,223062,"25,114",04-27-2020
Massachusetts,54938,,2899, ,43921,8043,424,236100,"34,567",04-27-2020
Illinois,43903,,1933, ,41364,3424,151,214952,"16,765",04-27-2020
California,43703,162,1720,2,38646,1116,44,526084,"13,438",04-27-2020
Pennsylvania,42708,,1823, ,40193,3339,143,198593,"15,526",04-27-2020
Michigan,37778,,3315, ,26121,3794,333,156010,"15,668",04-27-2020
Florida,32138,610,1088,14,30364,1560,53,358127,"17,386",04-27-2020
Louisiana,26773,,1729, ,10117,5741,371,142056,"30,460",04-27-2020
Connecticut,25269,,1924, ,23280,7055,537,79811,"22,284",04-27-2020
Texas,24981,,654, ,14341,896,23,276021,"9,898",04-27-2020
Georgia,23481,,916, ,22534,2280,89,122604,"11,906",04-27-2020
Maryland,19487,906,945,35,17279,3246,157,104976,"17,486",04-27-2020
Ohio,15963,,728, ,15115,1371,63,115783,"9,945",04-27-2020
Indiana,15012,,813, ,14185,2262,122,81708,"12,310",04-27-2020
Virginia,13535,565,458,10,11262,1609,54,80180,"9,530",04-27-2020
Washington,13521,,749, ,10965,1854,103,175477,"24,057",04-27-2020
Colorado,13441,,680, ,12202,2430,123,63274,"11,440",04-27-2020
Tennessee,9667,,181, ,4959,1453,27,147474,"22,173",04-27-2020
North Carolina,9142,148,325, ,7515,900,32,109920,"10,824",04-27-2020
Rhode Island,7439,,226, ,6871,7040,214,53403,"50,542",04-27-2020
Missouri,7029,,283, ,6199,1154,46,67017,"11,004",04-27-2020
Veteran Affairs ,6922,62,435,11,6487,,,83372,,04-27-2020
Arizona,6526,,275, ,6181,939,40,64811,"9,330",04-27-2020
Alabama,6429,11,219, ,6190,1322,45,73732,"15,157",04-27-2020
US Military,6213,,26, ,4240,,,,,04-27-2020
Mississippi,6094,183,229,2,5865,2039,77,60788,"20,339",04-27-2020
Wisconsin,5911,,272, ,3326,1023,47,65146,"11,274",04-27-2020
South Carolina,5490,,174, ,1615,1108,35,50761,"10,242",04-27-2020
Iowa,5476,,118, ,3754,1748,38,36090,"11,521",04-27-2020
Nevada,4602,,206, ,2555,1574,70,45885,"15,699",04-27-2020
Utah,4123,,41, ,3194,1354,13,95702,"31,426",04-27-2020
Kentucky,4074,,208, ,2744,918,47,48474,"10,917",04-27-2020
Delaware,4034,,120, ,3003,4249,126,19249,"20,273",04-27-2020
District Of Columbia,3892,51,185,7,3048,5686,270,18416,"26,904",04-27-2020
Minnesota,3602,,272, ,1556,652,49,58987,"10,672",04-27-2020
Kansas,3296,122,122,2,2671,1133,42,25199,"8,663",04-27-2020
Oklahoma,3253,,195, ,919,830,50,53012,"13,530",04-27-2020
Nebraska,3028,,56, ,2950,1590,29,22525,"11,826",04-27-2020
Arkansas,3001,,50, ,1964,1003,17,39551,"13,225",04-27-2020
New Mexico,2726,,99, ,1977,1303,47,56615,"27,057",04-27-2020
Oregon,2311,,91, ,2220,566,22,48964,"11,995",04-27-2020
South Dakota,2212,,11, ,1011,2559,13,15596,"18,045",04-27-2020
Idaho,1897,,56, ,974,1124,33,19361,"11,471",04-27-2020
New Hampshire,1864,,60, ,1254,1387,45,17727,"13,193",04-27-2020
Navajo Nation,1540,,58, ,1482,,,,,04-27-2020
Puerto Rico,1389,18,84, ,914,410,25,13022,"3,845",04-27-2020
Federal Prisons,1118,,27, ,582,,,,,04-27-2020
West Virginia,1063,19,36,2,802,581,20,39063,"21,357",04-27-2020
Maine,1015,,50, ,433,762,38,17721,"13,296",04-27-2020
North Dakota,867,,17, ,524,1153,23,20447,"27,183",04-27-2020
Vermont,855,4,47,1,808,1368,75,15073,"24,118",04-27-2020
Hawaii,606,,14, ,104,426,10,29247,"20,567",04-27-2020
Wyoming,502,,7, ,174,863,12,7623,"13,102",04-27-2020
Montana,448,,14, ,95,430,13,12862,"12,347",04-27-2020
Alaska,341,,9, ,115,462,12,16177,"21,905",04-27-2020
Guam,141,,5, ,10,,,605,,04-27-2020
Grand Princess Ship,103,,3, ,100,,,,,04-27-2020
United States Virgin Islands,57,,4, ,2,,,776,,04-27-2020
Northern Mariana Islands,14,,2, ,1,,,45,,04-27-2020
New York,298004,,22623, ,229824,15190,"1,153",826095,"42,108",04-28-2020
New Jersey,113856,2668,6442,398,106143,12819,725,227390,"25,602",04-28-2020
Massachusetts,56462,,3003, ,45341,8267,440,244887,"35,854",04-28-2020
Illinois,45883,,1983, ,43294,3579,155,227628,"17,754",04-28-2020
California,45218,212,1793,17,40088,1155,46,526084,"13,438",04-28-2020
Pennsylvania,43264,109,1860, ,40712,3382,145,209088,"16,346",04-28-2020
Michigan,38210,,3407, ,26461,3837,342,163213,"16,391",04-28-2020
Florida,32846,708,1171,83,30989,1595,57,368651,"17,897",04-28-2020
Louisiana,27286,218,1801,61,8182,5851,386,151108,"32,401",04-28-2020
Texas,26171,655,690,18,14311,939,25,300384,"10,772",04-28-2020
Connecticut,25997,,2012, ,23920,7259,562,90746,"25,337",04-28-2020
Georgia,24606,381,1025,31,23550,2390,100,140020,"13,597",04-28-2020
Maryland,20113,626,1016,71,17834,3350,169,107785,"17,954",04-28-2020
Indiana,16588,627,932, ,15642,2499,140,87181,"13,135",04-28-2020
Ohio,16325,,753, ,15452,1402,65,119391,"10,255",04-28-2020
Virginia,14339,804,492,34,12032,1704,58,82753,"9,835",04-28-2020
Colorado,13879,,706, ,12614,2509,128,66341,"11,994",04-28-2020
Washington,13686,,765, ,11114,1876,105,179679,"24,633",04-28-2020
Tennessee,9918,,184, ,5014,1491,28,154402,"23,215",04-28-2020
North Carolina,9568,153,342,6,7924,942,34,112752,"11,102",04-28-2020
Rhode Island,7926,218,239,6,7345,7501,226,57693,"54,602",04-28-2020
Missouri,7239,,300, ,6392,1189,49,70932,"11,647",04-28-2020
Veteran Affairs,7001,,435, ,6566,,,83372,,04-28-2020
Arizona,6716,,275, ,6371,967,40,66543,"9,579",04-28-2020
Alabama,6644,105,242,14,6382,1366,50,75138,"15,446",04-28-2020
US Military,6568,,27, ,4497,,,,,04-28-2020
Iowa,6376,508,136,9,4076,2035,43,39823,"12,713",04-28-2020
Mississippi,6342,248,239,10,6103,2122,80,64412,"21,551",04-28-2020
Wisconsin,6081,,281, ,3487,1052,49,67392,"11,663",04-28-2020
South Carolina,5613,,177, ,1735,1133,36,52145,"10,522",04-28-2020
Nevada,4805,115,219, ,1939,1644,75,47821,"16,361",04-28-2020
Delaware,4575,413,137,12,3342,4818,144,21180,"22,307",04-28-2020
Utah,4233,,41, ,3304,1390,13,100195,"32,901",04-28-2020
Minnesota,4181,365,301,15,1968,756,54,63829,"11,548",04-28-2020
Kentucky,4146,,213, ,2811,934,48,48799,"10,990",04-28-2020
District Of Columbia,3994,102,190,5,3144,5835,278,18885,"27,590",04-28-2020
Oklahoma,3410,130,207,10,943,870,53,53012,"13,530",04-28-2020
Nebraska,3358,,56, ,3280,1763,29,23772,"12,480",04-28-2020
Kansas,3296,,122, ,2671,1133,42,25199,"8,663",04-28-2020
Arkansas,3069,,51, ,1965,1026,17,40629,"13,585",04-28-2020
New Mexico,2823,,104, ,2069,1349,50,58803,"28,103",04-28-2020
Oregon,2354,,92, ,2262,577,23,51198,"12,543",04-28-2020
South Dakota,2245,,11, ,918,2598,13,15596,"18,045",04-28-2020
New Hampshire,1938,,60, ,1080,1442,45,20145,"14,993",04-28-2020
Idaho,1917,,58, ,820,1136,34,19895,"11,787",04-28-2020
Navajo Nation ,1716,,59, ,1657,,,9753,,04-28-2020
Puerto Rico,1400,11,86,2,923,413,25,13022,"3,845",04-28-2020
Federal Prisons,1376,,28, ,834,,,,,04-28-2020
West Virginia,1077,14,37,1,559,589,20,43227,"23,634",04-28-2020
Maine,1040,17,51, ,404,780,38,17807,"13,360",04-28-2020
North Dakota,991,49,19, ,563,1317,25,23723,"31,538",04-28-2020
Vermont,862,7,47, ,815,1379,75,15215,"24,345",04-28-2020
Hawaii,607,,16, ,98,427,11,29247,"20,567",04-28-2020
Wyoming,520,,7, ,170,894,12,8167,"14,037",04-28-2020
Montana,451,2,15,1,80,433,14,13191,"12,663",04-28-2020
Alaska,345,,9, ,118,467,12,16256,"22,012",04-28-2020
Guam,144,2,5, ,10,,,605,,04-28-2020
Grand Princess Ship,103,,3, ,100,,,,,04-28-2020
United States Virgin Islands,59,,4, ,4,,,835,,04-28-2020
Northern Mariana Islands,14,,2, ,0,,,45,,04-28-2020
New York,305086,3636,23474,330,234649,15551,"1,197",872481,"44,472",04-29-2020
New Jersey,116264,2408,6770,328,108223,13090,762,240246,"27,049",04-29-2020
Massachusetts,58302,,3153, ,47031,8536,462,254500,"37,261",04-29-2020
Illinois,48102,,2125, ,45371,3752,166,242189,"18,889",04-29-2020
California ,46506,343,1873,11,41296,1188,48,577608,"14,754",04-29-2020
Pennsylvania,45016,,2195,135,42056,3519,172,209088,"16,346",04-29-2020
Michigan,39262,,3567, ,27353,3943,358,169929,"17,065",04-29-2020
Florida,33193,347,1218,47,31289,1611,59,375300,"18,220",04-29-2020
Louisiana,27660,374,1845,44,8512,5931,396,156568,"33,572",04-29-2020
Texas,27054,883,732,42,14536,970,26,314790,"11,289",04-29-2020
Connecticut,26312,,2089, ,24158,7347,583,92745,"25,896",04-29-2020
Georgia,25274,420,1052,16,24191,2454,102,140223,"13,617",04-29-2020
Maryland,20849,736,1078,62,18508,3473,180,110929,"18,478",04-29-2020
Indiana,17182,594,1065,73,16103,2589,160,91550,"13,793",04-29-2020
Ohio,16769,,799, ,15850,1440,69,122706,"10,540",04-29-2020
Virginia,14961,622,522,30,12397,1778,62,85307,"10,139",04-29-2020
Colorado,14316,,736, ,13021,2588,133,67094,"12,130",04-29-2020
Washington,13842,,786, ,11205,1898,108,182515,"25,021",04-29-2020
North Carolina,10092,353,379,18,8411,994,37,118440,"11,663",04-29-2020
Tennessee,10052,,188, ,4943,1511,28,161928,"24,346",04-29-2020
Rhode Island,8247,321,251,12,7654,7805,238,60165,"56,941",04-29-2020
Veteran Affairs,7481,,461, ,7020,,,95680,,04-29-2020
 Missouri,7376,,327, ,6502,1211,54,73503,"12,069",04-29-2020
Arizona,7202,254,304,11,6828,1037,44,68813,"9,906",04-29-2020
Iowa,6843,467,148,12,4531,2185,47,41337,"13,196",04-29-2020
Alabama,6814,64,245,3,6549,1401,50,77916,"16,017",04-29-2020
US Military,6648,,27, ,4514,,,,,04-29-2020
Mississippi,6569,227,250,11,6319,2198,84,66094,"22,114",04-29-2020
Wisconsin,6289,,300, ,3676,1088,52,69824,"12,084",04-29-2020
South Carolina,5735,,192, ,1842,1157,39,53133,"10,721",04-29-2020
Nevada,4898,93,225, ,2026,1676,77,49475,"16,927",04-29-2020
Delaware,4655,80,144,7,3338,4903,152,21538,"22,684",04-29-2020
Minnesota,4644,463,319,18,2282,840,58,66744,"12,075",04-29-2020
Kentucky,4375,,225, ,3028,985,51,52411,"11,804",04-29-2020
Utah,4343,,45, ,3410,1426,15,102439,"33,638",04-29-2020
District Of Columbia,4106,112,205,15,3241,5999,299,19229,"28,092",04-29-2020
Kansas,3685,108,127, ,3055,1267,44,28090,"9,657",04-29-2020
Oklahoma,3410,,207, ,943,870,53,61619,"15,727",04-29-2020
Nebraska,3374,,55, ,3297,1771,29,23798,"12,494",04-29-2020